This file contains any messages produced by compilers while
running configure, to aid debugging if configure makes a mistake.

It was created by Marsbux Core configure 0.21.4, which was
generated by GNU Autoconf 2.71.  Invocation command line was

  $ ./configure --without-gui --disable-tests --disable-bench --with-incompatible-bdb

## --------- ##
## Platform. ##
## --------- ##

hostname = Z600-113
uname -m = x86_64
uname -r = 6.8.0-90-generic
uname -s = Linux
uname -v = #91-Ubuntu SMP PREEMPT_DYNAMIC Tue Nov 18 14:14:30 UTC 2025

/usr/bin/uname -p = x86_64
/bin/uname -X     = unknown

/bin/arch              = x86_64
/usr/bin/arch -k       = unknown
/usr/convex/getsysinfo = unknown
/usr/bin/hostinfo      = unknown
/bin/machine           = unknown
/usr/bin/oslevel       = unknown
/bin/universe          = unknown

PATH: /usr/local/sbin/
PATH: /usr/local/bin/
PATH: /usr/sbin/
PATH: /usr/bin/
PATH: /sbin/
PATH: /bin/
PATH: /usr/games/
PATH: /usr/local/games/
PATH: /snap/bin/


## ----------- ##
## Core tests. ##
## ----------- ##

configure:3509: looking for aux files: compile ltmain.sh missing install-sh config.guess config.sub
configure:3522:  trying ./build-aux/
configure:3551:   ./build-aux/compile found
configure:3551:   ./build-aux/ltmain.sh found
configure:3551:   ./build-aux/missing found
configure:3533:   ./build-aux/install-sh found
configure:3551:   ./build-aux/config.guess found
configure:3551:   ./build-aux/config.sub found
configure:3728: checking for pkg-config
configure:3751: found /usr/bin/pkg-config
configure:3763: result: /usr/bin/pkg-config
configure:3788: checking pkg-config is at least version 0.9.0
configure:3791: result: yes
configure:3821: checking build system type
configure:3836: result: x86_64-pc-linux-gnu
configure:3856: checking host system type
configure:3870: result: x86_64-pc-linux-gnu
configure:3914: checking for a BSD-compatible install
configure:3987: result: /usr/bin/install -c
configure:3998: checking whether build environment is sane
configure:4053: result: yes
configure:4212: checking for a race-free mkdir -p
configure:4256: result: /usr/bin/mkdir -p
configure:4263: checking for gawk
configure:4284: found /usr/bin/gawk
configure:4295: result: gawk
configure:4306: checking whether make sets $(MAKE)
configure:4329: result: yes
configure:4359: checking whether make supports nested variables
configure:4377: result: yes
configure:4510: checking whether to enable maintainer-specific portions of Makefiles
configure:4520: result: yes
configure:4546: checking whether make supports nested variables
configure:4564: result: yes
configure:4650: checking for g++
configure:4671: found /usr/bin/g++
configure:4682: result: g++
configure:4709: checking for C++ compiler version
configure:4718: g++ --version >&5
g++ (Ubuntu 13.3.0-6ubuntu2~24.04) 13.3.0
Copyright (C) 2023 Free Software Foundation, Inc.
This is free software; see the source for copying conditions.  There is NO
warranty; not even for MERCHANTABILITY or FITNESS FOR A PARTICULAR PURPOSE.

configure:4729: $? = 0
configure:4718: g++ -v >&5
Using built-in specs.
COLLECT_GCC=g++
COLLECT_LTO_WRAPPER=/usr/libexec/gcc/x86_64-linux-gnu/13/lto-wrapper
OFFLOAD_TARGET_NAMES=nvptx-none:amdgcn-amdhsa
OFFLOAD_TARGET_DEFAULT=1
Target: x86_64-linux-gnu
Configured with: ../src/configure -v --with-pkgversion='Ubuntu 13.3.0-6ubuntu2~24.04' --with-bugurl=file:///usr/share/doc/gcc-13/README.Bugs --enable-languages=c,ada,c++,go,d,fortran,objc,obj-c++,m2 --prefix=/usr --with-gcc-major-version-only --program-suffix=-13 --program-prefix=x86_64-linux-gnu- --enable-shared --enable-linker-build-id --libexecdir=/usr/libexec --without-included-gettext --enable-threads=posix --libdir=/usr/lib --enable-nls --enable-bootstrap --enable-clocale=gnu --enable-libstdcxx-debug --enable-libstdcxx-time=yes --with-default-libstdcxx-abi=new --enable-libstdcxx-backtrace --enable-gnu-unique-object --disable-vtable-verify --enable-plugin --enable-default-pie --with-system-zlib --enable-libphobos-checking=release --with-target-system-zlib=auto --enable-objc-gc=auto --enable-multiarch --disable-werror --enable-cet --with-arch-32=i686 --with-abi=m64 --with-multilib-list=m32,m64,mx32 --enable-multilib --with-tune=generic --enable-offload-targets=nvptx-none=/build/gcc-13-fG75Ri/gcc-13-13.3.0/debian/tmp-nvptx/usr,amdgcn-amdhsa=/build/gcc-13-fG75Ri/gcc-13-13.3.0/debian/tmp-gcn/usr --enable-offload-defaulted --without-cuda-driver --enable-checking=release --build=x86_64-linux-gnu --host=x86_64-linux-gnu --target=x86_64-linux-gnu --with-build-config=bootstrap-lto-lean --enable-link-serialization=2
Thread model: posix
Supported LTO compression algorithms: zlib zstd
gcc version 13.3.0 (Ubuntu 13.3.0-6ubuntu2~24.04) 
... rest of stderr output deleted ...
configure:4729: $? = 0
configure:4718: g++ -V >&5
g++: error: unrecognized command-line option '-V'
g++: fatal error: no input files
compilation terminated.
configure:4729: $? = 1
configure:4718: g++ -qversion >&5
g++: error: unrecognized command-line option '-qversion'; did you mean '--version'?
g++: fatal error: no input files
compilation terminated.
configure:4729: $? = 1
configure:4749: checking whether the C++ compiler works
configure:4771: g++    conftest.cpp  >&5
configure:4775: $? = 0
configure:4825: result: yes
configure:4828: checking for C++ compiler default output file name
configure:4830: result: a.out
configure:4836: checking for suffix of executables
configure:4843: g++ -o conftest    conftest.cpp  >&5
configure:4847: $? = 0
configure:4870: result: 
configure:4892: checking whether we are cross compiling
configure:4900: g++ -o conftest    conftest.cpp  >&5
configure:4904: $? = 0
configure:4911: ./conftest
configure:4915: $? = 0
configure:4930: result: no
configure:4935: checking for suffix of object files
configure:4958: g++ -c   conftest.cpp >&5
configure:4962: $? = 0
configure:4984: result: o
configure:4988: checking whether the compiler supports GNU C++
configure:5008: g++ -c   conftest.cpp >&5
configure:5008: $? = 0
configure:5018: result: yes
configure:5029: checking whether g++ accepts -g
configure:5050: g++ -c -g  conftest.cpp >&5
configure:5050: $? = 0
configure:5094: result: yes
configure:5114: checking for g++ option to enable C++11 features
configure:5129: g++  -c -g -O2  conftest.cpp >&5
conftest.cpp: In function 'int main(int, char**)':
conftest.cpp:175:25: warning: empty parentheses were disambiguated as a function declaration [-Wvexing-parse]
  175 |   cxx11test::delegate d2();
      |                         ^~
conftest.cpp:175:25: note: remove parentheses to default-initialize a variable
  175 |   cxx11test::delegate d2();
      |                         ^~
      |                         --
conftest.cpp:175:25: note: or replace parentheses with braces to value-initialize a variable
configure:5129: $? = 0
configure:5147: result: none needed
configure:5214: checking whether make supports the include directive
configure:5229: make -f confmf.GNU && cat confinc.out
this is the am__doit target
configure:5232: $? = 0
configure:5251: result: yes (GNU style)
configure:5277: checking dependency style of g++
configure:5389: result: gcc3
configure:6297: checking whether g++ supports C++14 features with -std=c++14
configure:6716: g++ -std=c++14 -c -g -O2  conftest.cpp >&5
configure:6716: $? = 0
configure:6726: result: yes
configure:6776: checking whether std::atomic can be used without link library
configure:6794: g++ -std=c++14 -o conftest -g -O2   conftest.cpp  >&5
configure:6794: $? = 0
configure:6797: result: yes
configure:6973: checking for Objective C++ compiler version
configure:6982: g++ -std=c++14 --version >&5
g++ (Ubuntu 13.3.0-6ubuntu2~24.04) 13.3.0
Copyright (C) 2023 Free Software Foundation, Inc.
This is free software; see the source for copying conditions.  There is NO
warranty; not even for MERCHANTABILITY or FITNESS FOR A PARTICULAR PURPOSE.

configure:6993: $? = 0
configure:6982: g++ -std=c++14 -v >&5
Using built-in specs.
COLLECT_GCC=g++
COLLECT_LTO_WRAPPER=/usr/libexec/gcc/x86_64-linux-gnu/13/lto-wrapper
OFFLOAD_TARGET_NAMES=nvptx-none:amdgcn-amdhsa
OFFLOAD_TARGET_DEFAULT=1
Target: x86_64-linux-gnu
Configured with: ../src/configure -v --with-pkgversion='Ubuntu 13.3.0-6ubuntu2~24.04' --with-bugurl=file:///usr/share/doc/gcc-13/README.Bugs --enable-languages=c,ada,c++,go,d,fortran,objc,obj-c++,m2 --prefix=/usr --with-gcc-major-version-only --program-suffix=-13 --program-prefix=x86_64-linux-gnu- --enable-shared --enable-linker-build-id --libexecdir=/usr/libexec --without-included-gettext --enable-threads=posix --libdir=/usr/lib --enable-nls --enable-bootstrap --enable-clocale=gnu --enable-libstdcxx-debug --enable-libstdcxx-time=yes --with-default-libstdcxx-abi=new --enable-libstdcxx-backtrace --enable-gnu-unique-object --disable-vtable-verify --enable-plugin --enable-default-pie --with-system-zlib --enable-libphobos-checking=release --with-target-system-zlib=auto --enable-objc-gc=auto --enable-multiarch --disable-werror --enable-cet --with-arch-32=i686 --with-abi=m64 --with-multilib-list=m32,m64,mx32 --enable-multilib --with-tune=generic --enable-offload-targets=nvptx-none=/build/gcc-13-fG75Ri/gcc-13-13.3.0/debian/tmp-nvptx/usr,amdgcn-amdhsa=/build/gcc-13-fG75Ri/gcc-13-13.3.0/debian/tmp-gcn/usr --enable-offload-defaulted --without-cuda-driver --enable-checking=release --build=x86_64-linux-gnu --host=x86_64-linux-gnu --target=x86_64-linux-gnu --with-build-config=bootstrap-lto-lean --enable-link-serialization=2
Thread model: posix
Supported LTO compression algorithms: zlib zstd
gcc version 13.3.0 (Ubuntu 13.3.0-6ubuntu2~24.04) 
... rest of stderr output deleted ...
configure:6993: $? = 0
configure:6982: g++ -std=c++14 -V >&5
g++: error: unrecognized command-line option '-V'
g++: fatal error: no input files
compilation terminated.
configure:6993: $? = 1
configure:6982: g++ -std=c++14 -qversion >&5
g++: error: unrecognized command-line option '-qversion'; did you mean '--version'?
g++: fatal error: no input files
compilation terminated.
configure:6993: $? = 1
configure:6997: checking whether the compiler supports GNU Objective C++
configure:7017: g++ -std=c++14 -c   conftest.mm >&5
g++: fatal error: cannot execute 'cc1objplus': execvp: No such file or directory
compilation terminated.
configure:7017: $? = 1
configure: failed program was:
| /* confdefs.h */
| #define PACKAGE_NAME "Marsbux Core"
| #define PACKAGE_TARNAME "Marsbux"
| #define PACKAGE_VERSION "0.21.4"
| #define PACKAGE_STRING "Marsbux Core 0.21.4"
| #define PACKAGE_BUGREPORT "https://github.com/marsbux-project/marsbux/issues"
| #define PACKAGE_URL "https://marsbux.org/"
| #define HAVE_CXX14 1
| /* end confdefs.h.  */
| 
| int
| main (void)
| {
| #ifndef __GNUC__
|        choke me
| #endif
| 
|   ;
|   return 0;
| }
configure:7027: result: no
configure:7038: checking whether g++ -std=c++14 accepts -g
configure:7059: g++ -std=c++14 -c -g  conftest.mm >&5
g++: fatal error: cannot execute 'cc1objplus': execvp: No such file or directory
compilation terminated.
configure:7059: $? = 1
configure: failed program was:
| /* confdefs.h */
| #define PACKAGE_NAME "Marsbux Core"
| #define PACKAGE_TARNAME "Marsbux"
| #define PACKAGE_VERSION "0.21.4"
| #define PACKAGE_STRING "Marsbux Core 0.21.4"
| #define PACKAGE_BUGREPORT "https://github.com/marsbux-project/marsbux/issues"
| #define PACKAGE_URL "https://marsbux.org/"
| #define HAVE_CXX14 1
| /* end confdefs.h.  */
| 
| int
| main (void)
| {
| 
|   ;
|   return 0;
| }
configure:7075: g++ -std=c++14 -c   conftest.mm >&5
g++: fatal error: cannot execute 'cc1objplus': execvp: No such file or directory
compilation terminated.
configure:7075: $? = 1
configure: failed program was:
| /* confdefs.h */
| #define PACKAGE_NAME "Marsbux Core"
| #define PACKAGE_TARNAME "Marsbux"
| #define PACKAGE_VERSION "0.21.4"
| #define PACKAGE_STRING "Marsbux Core 0.21.4"
| #define PACKAGE_BUGREPORT "https://github.com/marsbux-project/marsbux/issues"
| #define PACKAGE_URL "https://marsbux.org/"
| #define HAVE_CXX14 1
| /* end confdefs.h.  */
| 
| int
| main (void)
| {
| 
|   ;
|   return 0;
| }
configure:7092: g++ -std=c++14 -c -g  conftest.mm >&5
g++: fatal error: cannot execute 'cc1objplus': execvp: No such file or directory
compilation terminated.
configure:7092: $? = 1
configure: failed program was:
| /* confdefs.h */
| #define PACKAGE_NAME "Marsbux Core"
| #define PACKAGE_TARNAME "Marsbux"
| #define PACKAGE_VERSION "0.21.4"
| #define PACKAGE_STRING "Marsbux Core 0.21.4"
| #define PACKAGE_BUGREPORT "https://github.com/marsbux-project/marsbux/issues"
| #define PACKAGE_URL "https://marsbux.org/"
| #define HAVE_CXX14 1
| /* end confdefs.h.  */
| 
| int
| main (void)
| {
| 
|   ;
|   return 0;
| }
configure:7103: result: no
configure:7128: checking dependency style of g++ -std=c++14
configure:7238: result: gcc3
configure:7303: checking how to print strings
configure:7330: result: printf
configure:7413: checking for gcc
configure:7434: found /usr/bin/gcc
configure:7445: result: gcc
configure:7798: checking for C compiler version
configure:7807: gcc --version >&5
gcc (Ubuntu 13.3.0-6ubuntu2~24.04) 13.3.0
Copyright (C) 2023 Free Software Foundation, Inc.
This is free software; see the source for copying conditions.  There is NO
warranty; not even for MERCHANTABILITY or FITNESS FOR A PARTICULAR PURPOSE.

configure:7818: $? = 0
configure:7807: gcc -v >&5
Using built-in specs.
COLLECT_GCC=gcc
COLLECT_LTO_WRAPPER=/usr/libexec/gcc/x86_64-linux-gnu/13/lto-wrapper
OFFLOAD_TARGET_NAMES=nvptx-none:amdgcn-amdhsa
OFFLOAD_TARGET_DEFAULT=1
Target: x86_64-linux-gnu
Configured with: ../src/configure -v --with-pkgversion='Ubuntu 13.3.0-6ubuntu2~24.04' --with-bugurl=file:///usr/share/doc/gcc-13/README.Bugs --enable-languages=c,ada,c++,go,d,fortran,objc,obj-c++,m2 --prefix=/usr --with-gcc-major-version-only --program-suffix=-13 --program-prefix=x86_64-linux-gnu- --enable-shared --enable-linker-build-id --libexecdir=/usr/libexec --without-included-gettext --enable-threads=posix --libdir=/usr/lib --enable-nls --enable-bootstrap --enable-clocale=gnu --enable-libstdcxx-debug --enable-libstdcxx-time=yes --with-default-libstdcxx-abi=new --enable-libstdcxx-backtrace --enable-gnu-unique-object --disable-vtable-verify --enable-plugin --enable-default-pie --with-system-zlib --enable-libphobos-checking=release --with-target-system-zlib=auto --enable-objc-gc=auto --enable-multiarch --disable-werror --enable-cet --with-arch-32=i686 --with-abi=m64 --with-multilib-list=m32,m64,mx32 --enable-multilib --with-tune=generic --enable-offload-targets=nvptx-none=/build/gcc-13-fG75Ri/gcc-13-13.3.0/debian/tmp-nvptx/usr,amdgcn-amdhsa=/build/gcc-13-fG75Ri/gcc-13-13.3.0/debian/tmp-gcn/usr --enable-offload-defaulted --without-cuda-driver --enable-checking=release --build=x86_64-linux-gnu --host=x86_64-linux-gnu --target=x86_64-linux-gnu --with-build-config=bootstrap-lto-lean --enable-link-serialization=2
Thread model: posix
Supported LTO compression algorithms: zlib zstd
gcc version 13.3.0 (Ubuntu 13.3.0-6ubuntu2~24.04) 
... rest of stderr output deleted ...
configure:7818: $? = 0
configure:7807: gcc -V >&5
gcc: error: unrecognized command-line option '-V'
gcc: fatal error: no input files
compilation terminated.
configure:7818: $? = 1
configure:7807: gcc -qversion >&5
gcc: error: unrecognized command-line option '-qversion'; did you mean '--version'?
gcc: fatal error: no input files
compilation terminated.
configure:7818: $? = 1
configure:7807: gcc -version >&5
gcc: error: unrecognized command-line option '-version'
gcc: fatal error: no input files
compilation terminated.
configure:7818: $? = 1
configure:7822: checking whether the compiler supports GNU C
configure:7842: gcc -c   conftest.c >&5
configure:7842: $? = 0
configure:7852: result: yes
configure:7863: checking whether gcc accepts -g
configure:7884: gcc -c -g  conftest.c >&5
configure:7884: $? = 0
configure:7928: result: yes
configure:7948: checking for gcc option to enable C11 features
configure:7963: gcc  -c -g -O2  conftest.c >&5
configure:7963: $? = 0
configure:7981: result: none needed
configure:8097: checking whether gcc understands -c and -o together
configure:8120: gcc -c conftest.c -o conftest2.o
configure:8123: $? = 0
configure:8120: gcc -c conftest.c -o conftest2.o
configure:8123: $? = 0
configure:8135: result: yes
configure:8154: checking dependency style of gcc
configure:8266: result: gcc3
configure:8281: checking for a sed that does not truncate output
configure:8351: result: /usr/bin/sed
configure:8369: checking for grep that handles long lines and -e
configure:8433: result: /usr/bin/grep
configure:8438: checking for egrep
configure:8506: result: /usr/bin/grep -E
configure:8511: checking for fgrep
configure:8579: result: /usr/bin/grep -F
configure:8615: checking for ld used by gcc
configure:8683: result: /usr/bin/ld
configure:8690: checking if the linker (/usr/bin/ld) is GNU ld
configure:8706: result: yes
configure:8718: checking for BSD- or MS-compatible name lister (nm)
configure:8773: result: /usr/bin/nm -B
configure:8913: checking the name lister (/usr/bin/nm -B) interface
configure:8921: gcc -c -g -O2  conftest.c >&5
configure:8924: /usr/bin/nm -B "conftest.o"
configure:8927: output
0000000000000000 B some_variable
configure:8934: result: BSD nm
configure:8937: checking whether ln -s works
configure:8941: result: yes
configure:8949: checking the maximum length of command line arguments
configure:9081: result: 1572864
configure:9129: checking how to convert x86_64-pc-linux-gnu file names to x86_64-pc-linux-gnu format
configure:9170: result: func_convert_file_noop
configure:9177: checking how to convert x86_64-pc-linux-gnu file names to toolchain format
configure:9198: result: func_convert_file_noop
configure:9205: checking for /usr/bin/ld option to reload object files
configure:9213: result: -r
configure:9292: checking for file
configure:9313: found /usr/bin/file
configure:9324: result: file
configure:9400: checking for objdump
configure:9421: found /usr/bin/objdump
configure:9432: result: objdump
configure:9464: checking how to recognize dependent libraries
configure:9665: result: pass_all
configure:9755: checking for dlltool
configure:9790: result: no
configure:9820: checking how to associate runtime and link libraries
configure:9848: result: printf %s\n
configure:9914: checking for ar
configure:9935: found /usr/bin/ar
configure:9946: result: ar
configure:9999: checking for archiver @FILE support
configure:10017: gcc -c -g -O2  conftest.c >&5
configure:10017: $? = 0
configure:10021: ar cr libconftest.a @conftest.lst >&5
configure:10024: $? = 0
configure:10029: ar cr libconftest.a @conftest.lst >&5
ar: conftest.o: No such file or directory
configure:10032: $? = 1
configure:10044: result: @
configure:10107: checking for strip
configure:10128: found /usr/bin/strip
configure:10139: result: strip
configure:10216: checking for ranlib
configure:10237: found /usr/bin/ranlib
configure:10248: result: ranlib
configure:10350: checking command to parse /usr/bin/nm -B output from gcc object
configure:10504: gcc -c -g -O2  conftest.c >&5
configure:10507: $? = 0
configure:10511: /usr/bin/nm -B conftest.o | /usr/bin/sed -n -e 's/^.*[	 ]\([ABCDGIRSTW][ABCDGIRSTW]*\)[	 ][	 ]*\([_A-Za-z][_A-Za-z0-9]*\)$/\1 \2 \2/p' | /usr/bin/sed '/ __gnu_lto/d' > conftest.nm
configure:10577: gcc -o conftest -g -O2   conftest.c conftstm.o >&5
configure:10580: $? = 0
configure:10618: result: ok
configure:10665: checking for sysroot
configure:10696: result: no
configure:10703: checking for a working dd
configure:10747: result: /usr/bin/dd
configure:10751: checking how to truncate binary pipes
configure:10767: result: /usr/bin/dd bs=4096 count=1
configure:10904: gcc -c -g -O2  conftest.c >&5
configure:10907: $? = 0
configure:11104: checking for mt
configure:11125: found /usr/bin/mt
configure:11136: result: mt
configure:11159: checking if mt is a manifest tool
configure:11166: mt '-?'
configure:11174: result: no
configure:11899: checking for stdio.h
configure:11899: gcc -c -g -O2  conftest.c >&5
configure:11899: $? = 0
configure:11899: result: yes
configure:11899: checking for stdlib.h
configure:11899: gcc -c -g -O2  conftest.c >&5
configure:11899: $? = 0
configure:11899: result: yes
configure:11899: checking for string.h
configure:11899: gcc -c -g -O2  conftest.c >&5
configure:11899: $? = 0
configure:11899: result: yes
configure:11899: checking for inttypes.h
configure:11899: gcc -c -g -O2  conftest.c >&5
configure:11899: $? = 0
configure:11899: result: yes
configure:11899: checking for stdint.h
configure:11899: gcc -c -g -O2  conftest.c >&5
configure:11899: $? = 0
configure:11899: result: yes
configure:11899: checking for strings.h
configure:11899: gcc -c -g -O2  conftest.c >&5
configure:11899: $? = 0
configure:11899: result: yes
configure:11899: checking for sys/stat.h
configure:11899: gcc -c -g -O2  conftest.c >&5
configure:11899: $? = 0
configure:11899: result: yes
configure:11899: checking for sys/types.h
configure:11899: gcc -c -g -O2  conftest.c >&5
configure:11899: $? = 0
configure:11899: result: yes
configure:11899: checking for unistd.h
configure:11899: gcc -c -g -O2  conftest.c >&5
configure:11899: $? = 0
configure:11899: result: yes
configure:11924: checking for dlfcn.h
configure:11924: gcc -c -g -O2  conftest.c >&5
configure:11924: $? = 0
configure:11924: result: yes
configure:12192: checking for objdir
configure:12208: result: .libs
configure:12472: checking if gcc supports -fno-rtti -fno-exceptions
configure:12491: gcc -c -g -O2  -fno-rtti -fno-exceptions conftest.c >&5
cc1: warning: command-line option '-fno-rtti' is valid for C++/D/ObjC++ but not for C
configure:12495: $? = 0
configure:12508: result: no
configure:12872: checking for gcc option to produce PIC
configure:12880: result: -fPIC -DPIC
configure:12888: checking if gcc PIC flag -fPIC -DPIC works
configure:12907: gcc -c -g -O2  -fPIC -DPIC -DPIC conftest.c >&5
configure:12911: $? = 0
configure:12924: result: yes
configure:12953: checking if gcc static flag -static works
configure:12982: result: yes
configure:12997: checking if gcc supports -c -o file.o
configure:13019: gcc -c -g -O2  -o out/conftest2.o conftest.c >&5
configure:13023: $? = 0
configure:13045: result: yes
configure:13053: checking if gcc supports -c -o file.o
configure:13101: result: yes
configure:13134: checking whether the gcc linker (/usr/bin/ld -m elf_x86_64) supports shared libraries
configure:14408: result: yes
configure:14445: checking whether -lc should be explicitly linked in
configure:14454: gcc -c -g -O2  conftest.c >&5
configure:14457: $? = 0
configure:14472: gcc -shared  -fPIC -DPIC conftest.o  -v -Wl,-soname -Wl,conftest -o conftest 2\>\&1 \| /usr/bin/grep  -lc  \>/dev/null 2\>\&1
configure:14475: $? = 0
configure:14489: result: no
configure:14649: checking dynamic linker characteristics
configure:15231: gcc -o conftest -g -O2   -Wl,-rpath -Wl,/foo conftest.c  >&5
configure:15231: $? = 0
configure:15482: result: GNU/Linux ld.so
configure:15604: checking how to hardcode library paths into programs
configure:15629: result: immediate
configure:16181: checking whether stripping libraries is possible
configure:16190: result: yes
configure:16232: checking if libtool supports shared libraries
configure:16234: result: yes
configure:16237: checking whether to build shared libraries
configure:16262: result: yes
configure:16265: checking whether to build static libraries
configure:16269: result: yes
configure:16292: checking how to run the C++ preprocessor
configure:16314: g++ -std=c++14 -E  conftest.cpp
configure:16314: $? = 0
configure:16329: g++ -std=c++14 -E  conftest.cpp
conftest.cpp:22:10: fatal error: ac_nonexistent.h: No such file or directory
   22 | #include <ac_nonexistent.h>
      |          ^~~~~~~~~~~~~~~~~~
compilation terminated.
configure:16329: $? = 1
configure: failed program was:
| /* confdefs.h */
| #define PACKAGE_NAME "Marsbux Core"
| #define PACKAGE_TARNAME "Marsbux"
| #define PACKAGE_VERSION "0.21.4"
| #define PACKAGE_STRING "Marsbux Core 0.21.4"
| #define PACKAGE_BUGREPORT "https://github.com/marsbux-project/marsbux/issues"
| #define PACKAGE_URL "https://marsbux.org/"
| #define HAVE_CXX14 1
| #define HAVE_STDIO_H 1
| #define HAVE_STDLIB_H 1
| #define HAVE_STRING_H 1
| #define HAVE_INTTYPES_H 1
| #define HAVE_STDINT_H 1
| #define HAVE_STRINGS_H 1
| #define HAVE_SYS_STAT_H 1
| #define HAVE_SYS_TYPES_H 1
| #define HAVE_UNISTD_H 1
| #define STDC_HEADERS 1
| #define HAVE_DLFCN_H 1
| #define LT_OBJDIR ".libs/"
| /* end confdefs.h.  */
| #include <ac_nonexistent.h>
configure:16356: result: g++ -std=c++14 -E
configure:16370: g++ -std=c++14 -E  conftest.cpp
configure:16370: $? = 0
configure:16385: g++ -std=c++14 -E  conftest.cpp
conftest.cpp:22:10: fatal error: ac_nonexistent.h: No such file or directory
   22 | #include <ac_nonexistent.h>
      |          ^~~~~~~~~~~~~~~~~~
compilation terminated.
configure:16385: $? = 1
configure: failed program was:
| /* confdefs.h */
| #define PACKAGE_NAME "Marsbux Core"
| #define PACKAGE_TARNAME "Marsbux"
| #define PACKAGE_VERSION "0.21.4"
| #define PACKAGE_STRING "Marsbux Core 0.21.4"
| #define PACKAGE_BUGREPORT "https://github.com/marsbux-project/marsbux/issues"
| #define PACKAGE_URL "https://marsbux.org/"
| #define HAVE_CXX14 1
| #define HAVE_STDIO_H 1
| #define HAVE_STDLIB_H 1
| #define HAVE_STRING_H 1
| #define HAVE_INTTYPES_H 1
| #define HAVE_STDINT_H 1
| #define HAVE_STRINGS_H 1
| #define HAVE_SYS_STAT_H 1
| #define HAVE_SYS_TYPES_H 1
| #define HAVE_UNISTD_H 1
| #define STDC_HEADERS 1
| #define HAVE_DLFCN_H 1
| #define LT_OBJDIR ".libs/"
| /* end confdefs.h.  */
| #include <ac_nonexistent.h>
configure:16550: checking for ld used by g++ -std=c++14
configure:16618: result: /usr/bin/ld -m elf_x86_64
configure:16625: checking if the linker (/usr/bin/ld -m elf_x86_64) is GNU ld
configure:16641: result: yes
configure:16696: checking whether the g++ -std=c++14 linker (/usr/bin/ld -m elf_x86_64) supports shared libraries
configure:17774: result: yes
configure:17810: g++ -std=c++14 -c -g -O2  conftest.cpp >&5
configure:17813: $? = 0
configure:18294: checking for g++ -std=c++14 option to produce PIC
configure:18302: result: -fPIC -DPIC
configure:18310: checking if g++ -std=c++14 PIC flag -fPIC -DPIC works
configure:18329: g++ -std=c++14 -c -g -O2  -fPIC -DPIC -DPIC conftest.cpp >&5
configure:18333: $? = 0
configure:18346: result: yes
configure:18369: checking if g++ -std=c++14 static flag -static works
configure:18398: result: yes
configure:18410: checking if g++ -std=c++14 supports -c -o file.o
configure:18432: g++ -std=c++14 -c -g -O2  -o out/conftest2.o conftest.cpp >&5
configure:18436: $? = 0
configure:18458: result: yes
configure:18463: checking if g++ -std=c++14 supports -c -o file.o
configure:18511: result: yes
configure:18541: checking whether the g++ -std=c++14 linker (/usr/bin/ld -m elf_x86_64) supports shared libraries
configure:18584: result: yes
configure:18726: checking dynamic linker characteristics
configure:19486: result: GNU/Linux ld.so
configure:19551: checking how to hardcode library paths into programs
configure:19576: result: immediate
configure:19689: checking for ar
configure:19712: found /usr/bin/ar
configure:19724: result: /usr/bin/ar
configure:19797: checking for ranlib
configure:19820: found /usr/bin/ranlib
configure:19832: result: /usr/bin/ranlib
configure:19905: checking for strip
configure:19928: found /usr/bin/strip
configure:19940: result: /usr/bin/strip
configure:20013: checking for gcov
configure:20036: found /usr/bin/gcov
configure:20048: result: /usr/bin/gcov
configure:20121: checking for llvm-cov
configure:20159: result: no
configure:20180: checking for lcov
configure:20218: result: no
configure:20227: checking for python3.5
configure:20265: result: no
configure:20227: checking for python3.6
configure:20265: result: no
configure:20227: checking for python3.7
configure:20265: result: no
configure:20227: checking for python3.8
configure:20265: result: no
configure:20227: checking for python3
configure:20250: found /usr/bin/python3
configure:20262: result: /usr/bin/python3
configure:20275: checking for genhtml
configure:20313: result: no
configure:20320: checking for git
configure:20343: found /usr/bin/git
configure:20355: result: /usr/bin/git
configure:20365: checking for ccache
configure:20403: result: no
configure:20410: checking for xgettext
configure:20448: result: no
configure:20455: checking for hexdump
configure:20478: found /usr/bin/hexdump
configure:20490: result: /usr/bin/hexdump
configure:20549: checking for readelf
configure:20572: found /usr/bin/readelf
configure:20584: result: /usr/bin/readelf
configure:20657: checking for c++filt
configure:20680: found /usr/bin/c++filt
configure:20692: result: /usr/bin/c++filt
configure:20765: checking for objcopy
configure:20788: found /usr/bin/objcopy
configure:20800: result: /usr/bin/objcopy
configure:20824: checking for doxygen
configure:20862: result: no
configure:21183: checking whether C++ compiler accepts -Werror
configure:21203: g++ -std=c++14 -c -g -O2  -Werror  conftest.cpp >&5
configure:21203: $? = 0
configure:21212: result: yes
configure:21265: checking whether the linker accepts -Wl,--fatal-warnings
configure:21285: g++ -std=c++14 -o conftest -g -O2    -Wl,--fatal-warnings conftest.cpp  >&5
configure:21285: $? = 0
configure:21295: result: yes
configure:22168: checking whether C++ compiler accepts -Wall
configure:22188: g++ -std=c++14 -c -g -O2 -Werror -Wall  conftest.cpp >&5
configure:22188: $? = 0
configure:22198: result: yes
configure:22208: checking whether C++ compiler accepts -Wextra
configure:22228: g++ -std=c++14 -c -g -O2 -Werror -Wextra  conftest.cpp >&5
configure:22228: $? = 0
configure:22238: result: yes
configure:22248: checking whether C++ compiler accepts -Wgnu
configure:22268: g++ -std=c++14 -c -g -O2 -Werror -Wgnu  conftest.cpp >&5
g++: error: unrecognized command-line option '-Wgnu'
configure:22268: $? = 1
configure: failed program was:
| /* confdefs.h */
| #define PACKAGE_NAME "Marsbux Core"
| #define PACKAGE_TARNAME "Marsbux"
| #define PACKAGE_VERSION "0.21.4"
| #define PACKAGE_STRING "Marsbux Core 0.21.4"
| #define PACKAGE_BUGREPORT "https://github.com/marsbux-project/marsbux/issues"
| #define PACKAGE_URL "https://marsbux.org/"
| #define HAVE_CXX14 1
| #define HAVE_STDIO_H 1
| #define HAVE_STDLIB_H 1
| #define HAVE_STRING_H 1
| #define HAVE_INTTYPES_H 1
| #define HAVE_STDINT_H 1
| #define HAVE_STRINGS_H 1
| #define HAVE_SYS_STAT_H 1
| #define HAVE_SYS_TYPES_H 1
| #define HAVE_UNISTD_H 1
| #define STDC_HEADERS 1
| #define HAVE_DLFCN_H 1
| #define LT_OBJDIR ".libs/"
| #define USE_ASM 1
| /* end confdefs.h.  */
| 
| int
| main (void)
| {
| 
|   ;
|   return 0;
| }
configure:22278: result: no
configure:22288: checking whether C++ compiler accepts -Wformat -Wformat-security
configure:22308: g++ -std=c++14 -c -g -O2 -Werror -Wformat -Wformat-security  conftest.cpp >&5
configure:22308: $? = 0
configure:22318: result: yes
configure:22328: checking whether C++ compiler accepts -Wvla
configure:22348: g++ -std=c++14 -c -g -O2 -Werror -Wvla  conftest.cpp >&5
configure:22348: $? = 0
configure:22358: result: yes
configure:22368: checking whether C++ compiler accepts -Wshadow-field
configure:22388: g++ -std=c++14 -c -g -O2 -Werror -Wshadow-field  conftest.cpp >&5
g++: error: unrecognized command-line option '-Wshadow-field'; did you mean '-Wshadow-ivar'?
configure:22388: $? = 1
configure: failed program was:
| /* confdefs.h */
| #define PACKAGE_NAME "Marsbux Core"
| #define PACKAGE_TARNAME "Marsbux"
| #define PACKAGE_VERSION "0.21.4"
| #define PACKAGE_STRING "Marsbux Core 0.21.4"
| #define PACKAGE_BUGREPORT "https://github.com/marsbux-project/marsbux/issues"
| #define PACKAGE_URL "https://marsbux.org/"
| #define HAVE_CXX14 1
| #define HAVE_STDIO_H 1
| #define HAVE_STDLIB_H 1
| #define HAVE_STRING_H 1
| #define HAVE_INTTYPES_H 1
| #define HAVE_STDINT_H 1
| #define HAVE_STRINGS_H 1
| #define HAVE_SYS_STAT_H 1
| #define HAVE_SYS_TYPES_H 1
| #define HAVE_UNISTD_H 1
| #define STDC_HEADERS 1
| #define HAVE_DLFCN_H 1
| #define LT_OBJDIR ".libs/"
| #define USE_ASM 1
| /* end confdefs.h.  */
| 
| int
| main (void)
| {
| 
|   ;
|   return 0;
| }
configure:22398: result: no
configure:22408: checking whether C++ compiler accepts -Wswitch
configure:22428: g++ -std=c++14 -c -g -O2 -Werror -Wswitch  conftest.cpp >&5
configure:22428: $? = 0
configure:22438: result: yes
configure:22448: checking whether C++ compiler accepts -Wthread-safety
configure:22468: g++ -std=c++14 -c -g -O2 -Werror -Wthread-safety  conftest.cpp >&5
g++: error: unrecognized command-line option '-Wthread-safety'
configure:22468: $? = 1
configure: failed program was:
| /* confdefs.h */
| #define PACKAGE_NAME "Marsbux Core"
| #define PACKAGE_TARNAME "Marsbux"
| #define PACKAGE_VERSION "0.21.4"
| #define PACKAGE_STRING "Marsbux Core 0.21.4"
| #define PACKAGE_BUGREPORT "https://github.com/marsbux-project/marsbux/issues"
| #define PACKAGE_URL "https://marsbux.org/"
| #define HAVE_CXX14 1
| #define HAVE_STDIO_H 1
| #define HAVE_STDLIB_H 1
| #define HAVE_STRING_H 1
| #define HAVE_INTTYPES_H 1
| #define HAVE_STDINT_H 1
| #define HAVE_STRINGS_H 1
| #define HAVE_SYS_STAT_H 1
| #define HAVE_SYS_TYPES_H 1
| #define HAVE_UNISTD_H 1
| #define STDC_HEADERS 1
| #define HAVE_DLFCN_H 1
| #define LT_OBJDIR ".libs/"
| #define USE_ASM 1
| /* end confdefs.h.  */
| 
| int
| main (void)
| {
| 
|   ;
|   return 0;
| }
configure:22478: result: no
configure:22488: checking whether C++ compiler accepts -Wrange-loop-analysis
configure:22508: g++ -std=c++14 -c -g -O2 -Werror -Wrange-loop-analysis  conftest.cpp >&5
g++: error: unrecognized command-line option '-Wrange-loop-analysis'
configure:22508: $? = 1
configure: failed program was:
| /* confdefs.h */
| #define PACKAGE_NAME "Marsbux Core"
| #define PACKAGE_TARNAME "Marsbux"
| #define PACKAGE_VERSION "0.21.4"
| #define PACKAGE_STRING "Marsbux Core 0.21.4"
| #define PACKAGE_BUGREPORT "https://github.com/marsbux-project/marsbux/issues"
| #define PACKAGE_URL "https://marsbux.org/"
| #define HAVE_CXX14 1
| #define HAVE_STDIO_H 1
| #define HAVE_STDLIB_H 1
| #define HAVE_STRING_H 1
| #define HAVE_INTTYPES_H 1
| #define HAVE_STDINT_H 1
| #define HAVE_STRINGS_H 1
| #define HAVE_SYS_STAT_H 1
| #define HAVE_SYS_TYPES_H 1
| #define HAVE_UNISTD_H 1
| #define STDC_HEADERS 1
| #define HAVE_DLFCN_H 1
| #define LT_OBJDIR ".libs/"
| #define USE_ASM 1
| /* end confdefs.h.  */
| 
| int
| main (void)
| {
| 
|   ;
|   return 0;
| }
configure:22518: result: no
configure:22528: checking whether C++ compiler accepts -Wredundant-decls
configure:22548: g++ -std=c++14 -c -g -O2 -Werror -Wredundant-decls  conftest.cpp >&5
configure:22548: $? = 0
configure:22558: result: yes
configure:22568: checking whether C++ compiler accepts -Wunused-variable
configure:22588: g++ -std=c++14 -c -g -O2 -Werror -Wunused-variable  conftest.cpp >&5
configure:22588: $? = 0
configure:22598: result: yes
configure:22608: checking whether C++ compiler accepts -Wdate-time
configure:22628: g++ -std=c++14 -c -g -O2 -Werror -Wdate-time  conftest.cpp >&5
configure:22628: $? = 0
configure:22638: result: yes
configure:22648: checking whether C++ compiler accepts -Wconditional-uninitialized
configure:22668: g++ -std=c++14 -c -g -O2 -Werror -Wconditional-uninitialized  conftest.cpp >&5
g++: error: unrecognized command-line option '-Wconditional-uninitialized'; did you mean '-Wno-uninitialized'?
configure:22668: $? = 1
configure: failed program was:
| /* confdefs.h */
| #define PACKAGE_NAME "Marsbux Core"
| #define PACKAGE_TARNAME "Marsbux"
| #define PACKAGE_VERSION "0.21.4"
| #define PACKAGE_STRING "Marsbux Core 0.21.4"
| #define PACKAGE_BUGREPORT "https://github.com/marsbux-project/marsbux/issues"
| #define PACKAGE_URL "https://marsbux.org/"
| #define HAVE_CXX14 1
| #define HAVE_STDIO_H 1
| #define HAVE_STDLIB_H 1
| #define HAVE_STRING_H 1
| #define HAVE_INTTYPES_H 1
| #define HAVE_STDINT_H 1
| #define HAVE_STRINGS_H 1
| #define HAVE_SYS_STAT_H 1
| #define HAVE_SYS_TYPES_H 1
| #define HAVE_UNISTD_H 1
| #define STDC_HEADERS 1
| #define HAVE_DLFCN_H 1
| #define LT_OBJDIR ".libs/"
| #define USE_ASM 1
| /* end confdefs.h.  */
| 
| int
| main (void)
| {
| 
|   ;
|   return 0;
| }
configure:22678: result: no
configure:22688: checking whether C++ compiler accepts -Wsign-compare
configure:22708: g++ -std=c++14 -c -g -O2 -Werror -Wsign-compare  conftest.cpp >&5
configure:22708: $? = 0
configure:22718: result: yes
configure:22728: checking whether C++ compiler accepts -Wduplicated-branches
configure:22748: g++ -std=c++14 -c -g -O2 -Werror -Wduplicated-branches  conftest.cpp >&5
configure:22748: $? = 0
configure:22758: result: yes
configure:22768: checking whether C++ compiler accepts -Wduplicated-cond
configure:22788: g++ -std=c++14 -c -g -O2 -Werror -Wduplicated-cond  conftest.cpp >&5
configure:22788: $? = 0
configure:22798: result: yes
configure:22808: checking whether C++ compiler accepts -Wlogical-op
configure:22828: g++ -std=c++14 -c -g -O2 -Werror -Wlogical-op  conftest.cpp >&5
configure:22828: $? = 0
configure:22838: result: yes
configure:22848: checking whether C++ compiler accepts -Woverloaded-virtual
configure:22868: g++ -std=c++14 -c -g -O2 -Werror -Woverloaded-virtual  conftest.cpp >&5
configure:22868: $? = 0
configure:22878: result: yes
configure:22888: checking whether C++ compiler accepts -Wsuggest-override
configure:22901: g++ -std=c++14 -c -g -O2 -Werror -Wsuggest-override  conftest.cpp >&5
configure:22901: $? = 0
configure:22911: result: yes
configure:22921: checking whether C++ compiler accepts -Wunreachable-code-loop-increment
configure:22941: g++ -std=c++14 -c -g -O2 -Werror -Wunreachable-code-loop-increment  conftest.cpp >&5
g++: error: unrecognized command-line option '-Wunreachable-code-loop-increment'
configure:22941: $? = 1
configure: failed program was:
| /* confdefs.h */
| #define PACKAGE_NAME "Marsbux Core"
| #define PACKAGE_TARNAME "Marsbux"
| #define PACKAGE_VERSION "0.21.4"
| #define PACKAGE_STRING "Marsbux Core 0.21.4"
| #define PACKAGE_BUGREPORT "https://github.com/marsbux-project/marsbux/issues"
| #define PACKAGE_URL "https://marsbux.org/"
| #define HAVE_CXX14 1
| #define HAVE_STDIO_H 1
| #define HAVE_STDLIB_H 1
| #define HAVE_STRING_H 1
| #define HAVE_INTTYPES_H 1
| #define HAVE_STDINT_H 1
| #define HAVE_STRINGS_H 1
| #define HAVE_SYS_STAT_H 1
| #define HAVE_SYS_TYPES_H 1
| #define HAVE_UNISTD_H 1
| #define STDC_HEADERS 1
| #define HAVE_DLFCN_H 1
| #define LT_OBJDIR ".libs/"
| #define USE_ASM 1
| /* end confdefs.h.  */
| 
| int
| main (void)
| {
| 
|   ;
|   return 0;
| }
configure:22951: result: no
configure:22962: checking whether C++ compiler accepts -Wunused-parameter
configure:22982: g++ -std=c++14 -c -g -O2 -Werror -Wunused-parameter  conftest.cpp >&5
configure:22982: $? = 0
configure:22992: result: yes
configure:23002: checking whether C++ compiler accepts -Wself-assign
configure:23022: g++ -std=c++14 -c -g -O2 -Werror -Wself-assign  conftest.cpp >&5
g++: error: unrecognized command-line option '-Wself-assign'
configure:23022: $? = 1
configure: failed program was:
| /* confdefs.h */
| #define PACKAGE_NAME "Marsbux Core"
| #define PACKAGE_TARNAME "Marsbux"
| #define PACKAGE_VERSION "0.21.4"
| #define PACKAGE_STRING "Marsbux Core 0.21.4"
| #define PACKAGE_BUGREPORT "https://github.com/marsbux-project/marsbux/issues"
| #define PACKAGE_URL "https://marsbux.org/"
| #define HAVE_CXX14 1
| #define HAVE_STDIO_H 1
| #define HAVE_STDLIB_H 1
| #define HAVE_STRING_H 1
| #define HAVE_INTTYPES_H 1
| #define HAVE_STDINT_H 1
| #define HAVE_STRINGS_H 1
| #define HAVE_SYS_STAT_H 1
| #define HAVE_SYS_TYPES_H 1
| #define HAVE_UNISTD_H 1
| #define STDC_HEADERS 1
| #define HAVE_DLFCN_H 1
| #define LT_OBJDIR ".libs/"
| #define USE_ASM 1
| /* end confdefs.h.  */
| 
| int
| main (void)
| {
| 
|   ;
|   return 0;
| }
configure:23032: result: no
configure:23042: checking whether C++ compiler accepts -Wunused-local-typedef
configure:23062: g++ -std=c++14 -c -g -O2 -Werror -Wunused-local-typedef  conftest.cpp >&5
g++: error: unrecognized command-line option '-Wunused-local-typedef'; did you mean '-Wunused-local-typedefs'?
configure:23062: $? = 1
configure: failed program was:
| /* confdefs.h */
| #define PACKAGE_NAME "Marsbux Core"
| #define PACKAGE_TARNAME "Marsbux"
| #define PACKAGE_VERSION "0.21.4"
| #define PACKAGE_STRING "Marsbux Core 0.21.4"
| #define PACKAGE_BUGREPORT "https://github.com/marsbux-project/marsbux/issues"
| #define PACKAGE_URL "https://marsbux.org/"
| #define HAVE_CXX14 1
| #define HAVE_STDIO_H 1
| #define HAVE_STDLIB_H 1
| #define HAVE_STRING_H 1
| #define HAVE_INTTYPES_H 1
| #define HAVE_STDINT_H 1
| #define HAVE_STRINGS_H 1
| #define HAVE_SYS_STAT_H 1
| #define HAVE_SYS_TYPES_H 1
| #define HAVE_UNISTD_H 1
| #define STDC_HEADERS 1
| #define HAVE_DLFCN_H 1
| #define LT_OBJDIR ".libs/"
| #define USE_ASM 1
| /* end confdefs.h.  */
| 
| int
| main (void)
| {
| 
|   ;
|   return 0;
| }
configure:23072: result: no
configure:23082: checking whether C++ compiler accepts -Wdeprecated-register
configure:23102: g++ -std=c++14 -c -g -O2 -Werror -Wdeprecated-register  conftest.cpp >&5
g++: error: unrecognized command-line option '-Wdeprecated-register'; did you mean '-Wdeprecated-copy-dtor'?
configure:23102: $? = 1
configure: failed program was:
| /* confdefs.h */
| #define PACKAGE_NAME "Marsbux Core"
| #define PACKAGE_TARNAME "Marsbux"
| #define PACKAGE_VERSION "0.21.4"
| #define PACKAGE_STRING "Marsbux Core 0.21.4"
| #define PACKAGE_BUGREPORT "https://github.com/marsbux-project/marsbux/issues"
| #define PACKAGE_URL "https://marsbux.org/"
| #define HAVE_CXX14 1
| #define HAVE_STDIO_H 1
| #define HAVE_STDLIB_H 1
| #define HAVE_STRING_H 1
| #define HAVE_INTTYPES_H 1
| #define HAVE_STDINT_H 1
| #define HAVE_STRINGS_H 1
| #define HAVE_SYS_STAT_H 1
| #define HAVE_SYS_TYPES_H 1
| #define HAVE_UNISTD_H 1
| #define STDC_HEADERS 1
| #define HAVE_DLFCN_H 1
| #define LT_OBJDIR ".libs/"
| #define USE_ASM 1
| /* end confdefs.h.  */
| 
| int
| main (void)
| {
| 
|   ;
|   return 0;
| }
configure:23112: result: no
configure:23122: checking whether C++ compiler accepts -Wimplicit-fallthrough
configure:23142: g++ -std=c++14 -c -g -O2 -Werror -Wimplicit-fallthrough  conftest.cpp >&5
configure:23142: $? = 0
configure:23152: result: yes
configure:23162: checking whether C++ compiler accepts -Wdeprecated-copy
configure:23182: g++ -std=c++14 -c -g -O2 -Werror -Wdeprecated-copy  conftest.cpp >&5
configure:23182: $? = 0
configure:23192: result: yes
configure:23202: checking whether C++ compiler accepts -Wpsabi
configure:23222: g++ -std=c++14 -c -g -O2 -Werror -Wpsabi  conftest.cpp >&5
configure:23222: $? = 0
configure:23232: result: yes
configure:23244: checking whether C++ compiler accepts -fno-extended-identifiers
configure:23264: g++ -std=c++14 -c -g -O2 -Werror -fno-extended-identifiers  conftest.cpp >&5
configure:23264: $? = 0
configure:23274: result: yes
configure:23293: checking whether C++ compiler accepts -msse4.2
configure:23313: g++ -std=c++14 -c -g -O2 -fno-extended-identifiers -Werror -msse4.2  conftest.cpp >&5
configure:23313: $? = 0
configure:23323: result: yes
configure:23333: checking whether C++ compiler accepts -msse4.1
configure:23353: g++ -std=c++14 -c -g -O2 -fno-extended-identifiers -Werror -msse4.1  conftest.cpp >&5
configure:23353: $? = 0
configure:23363: result: yes
configure:23373: checking whether C++ compiler accepts -mavx -mavx2
configure:23393: g++ -std=c++14 -c -g -O2 -fno-extended-identifiers -Werror -mavx -mavx2  conftest.cpp >&5
configure:23393: $? = 0
configure:23403: result: yes
configure:23413: checking whether C++ compiler accepts -msse4 -msha
configure:23433: g++ -std=c++14 -c -g -O2 -fno-extended-identifiers -Werror -msse4 -msha  conftest.cpp >&5
configure:23433: $? = 0
configure:23443: result: yes
configure:23455: checking for SSE4.2 intrinsics
configure:23481: g++ -std=c++14 -c -g -O2 -fno-extended-identifiers -msse4.2  conftest.cpp >&5
configure:23481: $? = 0
configure:23483: result: yes
configure:23495: checking for SSE4.1 intrinsics
configure:23514: g++ -std=c++14 -c -g -O2 -fno-extended-identifiers -msse4.1  conftest.cpp >&5
configure:23514: $? = 0
configure:23516: result: yes
configure:23530: checking for AVX2 intrinsics
configure:23549: g++ -std=c++14 -c -g -O2 -fno-extended-identifiers -mavx -mavx2  conftest.cpp >&5
configure:23549: $? = 0
configure:23551: result: yes
configure:23565: checking for SHA-NI intrinsics
configure:23586: g++ -std=c++14 -c -g -O2 -fno-extended-identifiers -msse4 -msha  conftest.cpp >&5
configure:23586: $? = 0
configure:23588: result: yes
configure:23602: checking whether C++ compiler accepts -march=armv8-a+crc+crypto
configure:23622: g++ -std=c++14 -c -g -O2 -fno-extended-identifiers -Werror -march=armv8-a+crc+crypto  conftest.cpp >&5
cc1plus: error: bad value 'armv8-a+crc+crypto' for '-march=' switch
cc1plus: note: valid arguments to '-march=' switch are: nocona core2 nehalem corei7 westmere sandybridge corei7-avx ivybridge core-avx-i haswell core-avx2 broadwell skylake skylake-avx512 cannonlake icelake-client rocketlake icelake-server cascadelake tigerlake cooperlake sapphirerapids emeraldrapids alderlake raptorlake meteorlake graniterapids graniterapids-d bonnell atom silvermont slm goldmont goldmont-plus tremont gracemont sierraforest grandridge knl knm x86-64 x86-64-v2 x86-64-v3 x86-64-v4 eden-x2 nano nano-1000 nano-2000 nano-3000 nano-x2 eden-x4 nano-x4 lujiazui k8 k8-sse3 opteron opteron-sse3 athlon64 athlon64-sse3 athlon-fx amdfam10 barcelona bdver1 bdver2 bdver3 bdver4 znver1 znver2 znver3 znver4 btver1 btver2 native
configure:23622: $? = 1
configure: failed program was:
| /* confdefs.h */
| #define PACKAGE_NAME "Marsbux Core"
| #define PACKAGE_TARNAME "Marsbux"
| #define PACKAGE_VERSION "0.21.4"
| #define PACKAGE_STRING "Marsbux Core 0.21.4"
| #define PACKAGE_BUGREPORT "https://github.com/marsbux-project/marsbux/issues"
| #define PACKAGE_URL "https://marsbux.org/"
| #define HAVE_CXX14 1
| #define HAVE_STDIO_H 1
| #define HAVE_STDLIB_H 1
| #define HAVE_STRING_H 1
| #define HAVE_INTTYPES_H 1
| #define HAVE_STDINT_H 1
| #define HAVE_STRINGS_H 1
| #define HAVE_SYS_STAT_H 1
| #define HAVE_SYS_TYPES_H 1
| #define HAVE_UNISTD_H 1
| #define STDC_HEADERS 1
| #define HAVE_DLFCN_H 1
| #define LT_OBJDIR ".libs/"
| #define USE_ASM 1
| #define ENABLE_SSE41 1
| #define ENABLE_AVX2 1
| #define ENABLE_SHANI 1
| /* end confdefs.h.  */
| 
| int
| main (void)
| {
| 
|   ;
|   return 0;
| }
configure:23632: result: no
configure:23644: checking for ARM CRC32 intrinsics
configure:23663: g++ -std=c++14 -c -g -O2 -fno-extended-identifiers   conftest.cpp >&5
conftest.cpp:27:14: fatal error: arm_acle.h: No such file or directory
   27 |     #include <arm_acle.h>
      |              ^~~~~~~~~~~~
compilation terminated.
configure:23663: $? = 1
configure: failed program was:
| /* confdefs.h */
| #define PACKAGE_NAME "Marsbux Core"
| #define PACKAGE_TARNAME "Marsbux"
| #define PACKAGE_VERSION "0.21.4"
| #define PACKAGE_STRING "Marsbux Core 0.21.4"
| #define PACKAGE_BUGREPORT "https://github.com/marsbux-project/marsbux/issues"
| #define PACKAGE_URL "https://marsbux.org/"
| #define HAVE_CXX14 1
| #define HAVE_STDIO_H 1
| #define HAVE_STDLIB_H 1
| #define HAVE_STRING_H 1
| #define HAVE_INTTYPES_H 1
| #define HAVE_STDINT_H 1
| #define HAVE_STRINGS_H 1
| #define HAVE_SYS_STAT_H 1
| #define HAVE_SYS_TYPES_H 1
| #define HAVE_UNISTD_H 1
| #define STDC_HEADERS 1
| #define HAVE_DLFCN_H 1
| #define LT_OBJDIR ".libs/"
| #define USE_ASM 1
| #define ENABLE_SSE41 1
| #define ENABLE_AVX2 1
| #define ENABLE_SHANI 1
| /* end confdefs.h.  */
| 
|     #include <arm_acle.h>
|     #include <arm_neon.h>
| 
| int
| main (void)
| {
| 
|     __crc32cb(0, 0); __crc32ch(0, 0); __crc32cw(0, 0); __crc32cd(0, 0);
|     vmull_p64(0, 0);
| 
|   ;
|   return 0;
| }
configure:23668: result: no
configure:25508: checking whether byte ordering is bigendian
configure:25524: g++ -std=c++14 -c -g -O2 -fno-extended-identifiers  -DHAVE_BUILD_INFO -D__STDC_FORMAT_MACROS conftest.cpp >&5
conftest.cpp:27:16: error: expected unqualified-id before 'not' token
   27 |                not a universal capable compiler
      |                ^~~
configure:25524: $? = 1
configure: failed program was:
| /* confdefs.h */
| #define PACKAGE_NAME "Marsbux Core"
| #define PACKAGE_TARNAME "Marsbux"
| #define PACKAGE_VERSION "0.21.4"
| #define PACKAGE_STRING "Marsbux Core 0.21.4"
| #define PACKAGE_BUGREPORT "https://github.com/marsbux-project/marsbux/issues"
| #define PACKAGE_URL "https://marsbux.org/"
| #define HAVE_CXX14 1
| #define HAVE_STDIO_H 1
| #define HAVE_STDLIB_H 1
| #define HAVE_STRING_H 1
| #define HAVE_INTTYPES_H 1
| #define HAVE_STDINT_H 1
| #define HAVE_STRINGS_H 1
| #define HAVE_SYS_STAT_H 1
| #define HAVE_SYS_TYPES_H 1
| #define HAVE_UNISTD_H 1
| #define STDC_HEADERS 1
| #define HAVE_DLFCN_H 1
| #define LT_OBJDIR ".libs/"
| #define USE_ASM 1
| #define ENABLE_SSE41 1
| #define ENABLE_AVX2 1
| #define ENABLE_SHANI 1
| /* end confdefs.h.  */
| #ifndef __APPLE_CC__
| 	       not a universal capable compiler
| 	     #endif
| 	     typedef int dummy;
| 
configure:25570: g++ -std=c++14 -c -g -O2 -fno-extended-identifiers  -DHAVE_BUILD_INFO -D__STDC_FORMAT_MACROS conftest.cpp >&5
configure:25570: $? = 0
configure:25589: g++ -std=c++14 -c -g -O2 -fno-extended-identifiers  -DHAVE_BUILD_INFO -D__STDC_FORMAT_MACROS conftest.cpp >&5
conftest.cpp: In function 'int main()':
conftest.cpp:33:22: error: 'big' was not declared in this scope
   33 |                  not big endian
      |                      ^~~
configure:25589: $? = 1
configure: failed program was:
| /* confdefs.h */
| #define PACKAGE_NAME "Marsbux Core"
| #define PACKAGE_TARNAME "Marsbux"
| #define PACKAGE_VERSION "0.21.4"
| #define PACKAGE_STRING "Marsbux Core 0.21.4"
| #define PACKAGE_BUGREPORT "https://github.com/marsbux-project/marsbux/issues"
| #define PACKAGE_URL "https://marsbux.org/"
| #define HAVE_CXX14 1
| #define HAVE_STDIO_H 1
| #define HAVE_STDLIB_H 1
| #define HAVE_STRING_H 1
| #define HAVE_INTTYPES_H 1
| #define HAVE_STDINT_H 1
| #define HAVE_STRINGS_H 1
| #define HAVE_SYS_STAT_H 1
| #define HAVE_SYS_TYPES_H 1
| #define HAVE_UNISTD_H 1
| #define STDC_HEADERS 1
| #define HAVE_DLFCN_H 1
| #define LT_OBJDIR ".libs/"
| #define USE_ASM 1
| #define ENABLE_SSE41 1
| #define ENABLE_AVX2 1
| #define ENABLE_SHANI 1
| /* end confdefs.h.  */
| #include <sys/types.h>
| 		#include <sys/param.h>
| 
| int
| main (void)
| {
| #if BYTE_ORDER != BIG_ENDIAN
| 		 not big endian
| 		#endif
| 
|   ;
|   return 0;
| }
configure:25723: result: no
configure:25747: checking how to run the C preprocessor
configure:25773: gcc -E  -DHAVE_BUILD_INFO -D__STDC_FORMAT_MACROS conftest.c
configure:25773: $? = 0
configure:25788: gcc -E  -DHAVE_BUILD_INFO -D__STDC_FORMAT_MACROS conftest.c
conftest.c:26:10: fatal error: ac_nonexistent.h: No such file or directory
   26 | #include <ac_nonexistent.h>
      |          ^~~~~~~~~~~~~~~~~~
compilation terminated.
configure:25788: $? = 1
configure: failed program was:
| /* confdefs.h */
| #define PACKAGE_NAME "Marsbux Core"
| #define PACKAGE_TARNAME "Marsbux"
| #define PACKAGE_VERSION "0.21.4"
| #define PACKAGE_STRING "Marsbux Core 0.21.4"
| #define PACKAGE_BUGREPORT "https://github.com/marsbux-project/marsbux/issues"
| #define PACKAGE_URL "https://marsbux.org/"
| #define HAVE_CXX14 1
| #define HAVE_STDIO_H 1
| #define HAVE_STDLIB_H 1
| #define HAVE_STRING_H 1
| #define HAVE_INTTYPES_H 1
| #define HAVE_STDINT_H 1
| #define HAVE_STRINGS_H 1
| #define HAVE_SYS_STAT_H 1
| #define HAVE_SYS_TYPES_H 1
| #define HAVE_UNISTD_H 1
| #define STDC_HEADERS 1
| #define HAVE_DLFCN_H 1
| #define LT_OBJDIR ".libs/"
| #define USE_ASM 1
| #define ENABLE_SSE41 1
| #define ENABLE_AVX2 1
| #define ENABLE_SHANI 1
| /* end confdefs.h.  */
| #include <ac_nonexistent.h>
configure:25815: result: gcc -E
configure:25829: gcc -E  -DHAVE_BUILD_INFO -D__STDC_FORMAT_MACROS conftest.c
configure:25829: $? = 0
configure:25844: gcc -E  -DHAVE_BUILD_INFO -D__STDC_FORMAT_MACROS conftest.c
conftest.c:26:10: fatal error: ac_nonexistent.h: No such file or directory
   26 | #include <ac_nonexistent.h>
      |          ^~~~~~~~~~~~~~~~~~
compilation terminated.
configure:25844: $? = 1
configure: failed program was:
| /* confdefs.h */
| #define PACKAGE_NAME "Marsbux Core"
| #define PACKAGE_TARNAME "Marsbux"
| #define PACKAGE_VERSION "0.21.4"
| #define PACKAGE_STRING "Marsbux Core 0.21.4"
| #define PACKAGE_BUGREPORT "https://github.com/marsbux-project/marsbux/issues"
| #define PACKAGE_URL "https://marsbux.org/"
| #define HAVE_CXX14 1
| #define HAVE_STDIO_H 1
| #define HAVE_STDLIB_H 1
| #define HAVE_STRING_H 1
| #define HAVE_INTTYPES_H 1
| #define HAVE_STDINT_H 1
| #define HAVE_STRINGS_H 1
| #define HAVE_SYS_STAT_H 1
| #define HAVE_SYS_TYPES_H 1
| #define HAVE_UNISTD_H 1
| #define STDC_HEADERS 1
| #define HAVE_DLFCN_H 1
| #define LT_OBJDIR ".libs/"
| #define USE_ASM 1
| #define ENABLE_SSE41 1
| #define ENABLE_AVX2 1
| #define ENABLE_SHANI 1
| /* end confdefs.h.  */
| #include <ac_nonexistent.h>
configure:26031: checking whether gcc is Clang
configure:26058: result: no
configure:26123: checking whether pthreads work with "-pthread" and "-lpthread"
configure:26234: gcc -o conftest -g -O2 -pthread  -DHAVE_BUILD_INFO -D__STDC_FORMAT_MACROS  conftest.c -lpthread  >&5
configure:26234: $? = 0
configure:26244: result: yes
configure:26367: checking for joinable pthread attribute
configure:26386: gcc -o conftest -g -O2 -pthread  -DHAVE_BUILD_INFO -D__STDC_FORMAT_MACROS  conftest.c -lpthread  >&5
configure:26386: $? = 0
configure:26395: result: PTHREAD_CREATE_JOINABLE
configure:26408: checking whether more special flags are required for pthreads
configure:26422: result: no
configure:26431: checking for PTHREAD_PRIO_INHERIT
configure:26449: gcc -o conftest -g -O2 -pthread  -DHAVE_BUILD_INFO -D__STDC_FORMAT_MACROS  conftest.c -lpthread  >&5
configure:26449: $? = 0
configure:26459: result: yes
configure:26577: checking for special C compiler options needed for large files
configure:26625: result: no
configure:26631: checking for _FILE_OFFSET_BITS value needed for large files
configure:26657: g++ -std=c++14 -c -g -O2 -fno-extended-identifiers  -DHAVE_BUILD_INFO -D__STDC_FORMAT_MACROS conftest.cpp >&5
configure:26657: $? = 0
configure:26691: result: no
configure:26773: checking for g++ -std=c++14 options needed to detect all undeclared functions
configure:26795: g++ -std=c++14 -c -g -O2 -fno-extended-identifiers  -DHAVE_BUILD_INFO -D__STDC_FORMAT_MACROS conftest.cpp >&5
conftest.cpp: In function 'int main()':
conftest.cpp:32:8: error: 'strchr' was not declared in this scope
   32 | (void) strchr;
      |        ^~~~~~
conftest.cpp:1:1: note: 'strchr' is defined in header '<cstring>'; did you forget to '#include <cstring>'?
    1 | /* confdefs.h */
configure:26795: $? = 1
configure: failed program was:
| /* confdefs.h */
| #define PACKAGE_NAME "Marsbux Core"
| #define PACKAGE_TARNAME "Marsbux"
| #define PACKAGE_VERSION "0.21.4"
| #define PACKAGE_STRING "Marsbux Core 0.21.4"
| #define PACKAGE_BUGREPORT "https://github.com/marsbux-project/marsbux/issues"
| #define PACKAGE_URL "https://marsbux.org/"
| #define HAVE_CXX14 1
| #define HAVE_STDIO_H 1
| #define HAVE_STDLIB_H 1
| #define HAVE_STRING_H 1
| #define HAVE_INTTYPES_H 1
| #define HAVE_STDINT_H 1
| #define HAVE_STRINGS_H 1
| #define HAVE_SYS_STAT_H 1
| #define HAVE_SYS_TYPES_H 1
| #define HAVE_UNISTD_H 1
| #define STDC_HEADERS 1
| #define HAVE_DLFCN_H 1
| #define LT_OBJDIR ".libs/"
| #define USE_ASM 1
| #define ENABLE_SSE41 1
| #define ENABLE_AVX2 1
| #define ENABLE_SHANI 1
| #define HAVE_PTHREAD_PRIO_INHERIT 1
| #define HAVE_PTHREAD 1
| /* end confdefs.h.  */
| 
| int
| main (void)
| {
| (void) strchr;
|   ;
|   return 0;
| }
configure:26822: g++ -std=c++14 -c -g -O2 -fno-extended-identifiers  -DHAVE_BUILD_INFO -D__STDC_FORMAT_MACROS conftest.cpp >&5
configure:26822: $? = 0
configure:26839: result: none needed
configure:26853: checking whether strerror_r is declared
configure:26853: g++ -std=c++14 -c -g -O2 -fno-extended-identifiers   -DHAVE_BUILD_INFO -D__STDC_FORMAT_MACROS conftest.cpp >&5
configure:26853: $? = 0
configure:26853: result: yes
configure:26872: checking whether strerror_r returns char *
configure:26897: g++ -std=c++14 -c -g -O2 -fno-extended-identifiers  -DHAVE_BUILD_INFO -D__STDC_FORMAT_MACROS conftest.cpp >&5
configure:26897: $? = 0
configure:26906: result: yes
configure:26930: checking for __attribute__((visibility))
configure:26955: g++ -std=c++14 -o conftest -g -O2 -fno-extended-identifiers  -DHAVE_BUILD_INFO -D__STDC_FORMAT_MACROS  conftest.cpp  >&5
configure:26955: $? = 0
configure:26970: result: yes
configure:26985: checking for __attribute__((dllexport))
configure:27007: g++ -std=c++14 -o conftest -g -O2 -fno-extended-identifiers  -DHAVE_BUILD_INFO -D__STDC_FORMAT_MACROS  conftest.cpp  >&5
conftest.cpp:34:62: warning: 'dllexport' attribute directive ignored [-Wattributes]
   34 |                     __attribute__((dllexport)) int foo( void ) { return 0; }
      |                                                              ^
configure:27007: $? = 0
configure:27022: result: no
configure:27037: checking for __attribute__((dllimport))
configure:27059: g++ -std=c++14 -o conftest -g -O2 -fno-extended-identifiers  -DHAVE_BUILD_INFO -D__STDC_FORMAT_MACROS  conftest.cpp  >&5
conftest.cpp:34:62: warning: 'dllimport' attribute directive ignored [-Wattributes]
   34 |                     int foo( void ) __attribute__((dllimport));
      |                                                              ^
configure:27059: $? = 0
configure:27074: result: no
configure:27167: checking for library containing clock_gettime
configure:27196: g++ -std=c++14 -o conftest -g -O2 -fno-extended-identifiers  -DHAVE_BUILD_INFO -D__STDC_FORMAT_MACROS  conftest.cpp  >&5
configure:27196: $? = 0
configure:27216: result: none required
configure:27357: checking whether C++ compiler accepts -fPIC
configure:27377: g++ -std=c++14 -c -g -O2 -fno-extended-identifiers  -fPIC  -DHAVE_BUILD_INFO -D__STDC_FORMAT_MACROS conftest.cpp >&5
configure:27377: $? = 0
configure:27386: result: yes
configure:27397: checking whether C++ compiler accepts -fstack-reuse=none
configure:27417: g++ -std=c++14 -c -g -O2 -fno-extended-identifiers  -fstack-reuse=none  -DHAVE_BUILD_INFO -D__STDC_FORMAT_MACROS conftest.cpp >&5
configure:27417: $? = 0
configure:27426: result: yes
configure:27437: checking whether C++ compiler accepts -Wstack-protector
configure:27457: g++ -std=c++14 -c -g -O2 -fno-extended-identifiers  -Wstack-protector  -DHAVE_BUILD_INFO -D__STDC_FORMAT_MACROS conftest.cpp >&5
configure:27457: $? = 0
configure:27466: result: yes
configure:27475: checking whether C++ compiler accepts -fstack-protector-all
configure:27495: g++ -std=c++14 -c -g -O2 -fno-extended-identifiers  -fstack-protector-all  -DHAVE_BUILD_INFO -D__STDC_FORMAT_MACROS conftest.cpp >&5
configure:27495: $? = 0
configure:27504: result: yes
configure:27514: checking whether C++ compiler accepts -fcf-protection=full
configure:27534: g++ -std=c++14 -c -g -O2 -fno-extended-identifiers  -fcf-protection=full  -DHAVE_BUILD_INFO -D__STDC_FORMAT_MACROS conftest.cpp >&5
configure:27534: $? = 0
configure:27543: result: yes
configure:27554: checking whether C++ compiler accepts -fstack-clash-protection
configure:27567: g++ -std=c++14 -c -g -O2 -fno-extended-identifiers -O0 -fstack-clash-protection  -DHAVE_BUILD_INFO -D__STDC_FORMAT_MACROS conftest.cpp >&5
configure:27567: $? = 0
configure:27577: result: yes
configure:27588: checking whether C++ preprocessor accepts -D_FORTIFY_SOURCE=2
configure:27608: g++ -std=c++14 -E  -DHAVE_BUILD_INFO -D__STDC_FORMAT_MACROS  -D_FORTIFY_SOURCE=2 conftest.cpp
configure:27608: $? = 0
configure:27617: result: yes
configure:27622: checking whether C++ preprocessor accepts -U_FORTIFY_SOURCE
configure:27642: g++ -std=c++14 -E  -DHAVE_BUILD_INFO -D__STDC_FORMAT_MACROS  -U_FORTIFY_SOURCE conftest.cpp
configure:27642: $? = 0
configure:27651: result: yes
configure:27671: checking whether the linker accepts -Wl,--dynamicbase
configure:27691: g++ -std=c++14 -o conftest -g -O2 -fno-extended-identifiers  -DHAVE_BUILD_INFO -D__STDC_FORMAT_MACROS  -Wl,--fatal-warnings -Wl,--dynamicbase conftest.cpp  >&5
/usr/bin/ld: unrecognized option '--dynamicbase'
/usr/bin/ld: use the --help option for usage information
collect2: error: ld returned 1 exit status
configure:27691: $? = 1
configure: failed program was:
| /* confdefs.h */
| #define PACKAGE_NAME "Marsbux Core"
| #define PACKAGE_TARNAME "Marsbux"
| #define PACKAGE_VERSION "0.21.4"
| #define PACKAGE_STRING "Marsbux Core 0.21.4"
| #define PACKAGE_BUGREPORT "https://github.com/marsbux-project/marsbux/issues"
| #define PACKAGE_URL "https://marsbux.org/"
| #define HAVE_CXX14 1
| #define HAVE_STDIO_H 1
| #define HAVE_STDLIB_H 1
| #define HAVE_STRING_H 1
| #define HAVE_INTTYPES_H 1
| #define HAVE_STDINT_H 1
| #define HAVE_STRINGS_H 1
| #define HAVE_SYS_STAT_H 1
| #define HAVE_SYS_TYPES_H 1
| #define HAVE_UNISTD_H 1
| #define STDC_HEADERS 1
| #define HAVE_DLFCN_H 1
| #define LT_OBJDIR ".libs/"
| #define USE_ASM 1
| #define ENABLE_SSE41 1
| #define ENABLE_AVX2 1
| #define ENABLE_SHANI 1
| #define HAVE_PTHREAD_PRIO_INHERIT 1
| #define HAVE_PTHREAD 1
| #define HAVE_DECL_STRERROR_R 1
| #define HAVE_STRERROR_R 1
| #define STRERROR_R_CHAR_P 1
| #define HAVE_FUNC_ATTRIBUTE_VISIBILITY 1
| /* end confdefs.h.  */
| 
| int
| main (void)
| {
| 
|   ;
|   return 0;
| }
configure:27702: result: no
configure:27712: checking whether the linker accepts -Wl,--nxcompat
configure:27732: g++ -std=c++14 -o conftest -g -O2 -fno-extended-identifiers  -DHAVE_BUILD_INFO -D__STDC_FORMAT_MACROS  -Wl,--fatal-warnings -Wl,--nxcompat conftest.cpp  >&5
/usr/bin/ld: unrecognized option '--nxcompat'
/usr/bin/ld: use the --help option for usage information
collect2: error: ld returned 1 exit status
configure:27732: $? = 1
configure: failed program was:
| /* confdefs.h */
| #define PACKAGE_NAME "Marsbux Core"
| #define PACKAGE_TARNAME "Marsbux"
| #define PACKAGE_VERSION "0.21.4"
| #define PACKAGE_STRING "Marsbux Core 0.21.4"
| #define PACKAGE_BUGREPORT "https://github.com/marsbux-project/marsbux/issues"
| #define PACKAGE_URL "https://marsbux.org/"
| #define HAVE_CXX14 1
| #define HAVE_STDIO_H 1
| #define HAVE_STDLIB_H 1
| #define HAVE_STRING_H 1
| #define HAVE_INTTYPES_H 1
| #define HAVE_STDINT_H 1
| #define HAVE_STRINGS_H 1
| #define HAVE_SYS_STAT_H 1
| #define HAVE_SYS_TYPES_H 1
| #define HAVE_UNISTD_H 1
| #define STDC_HEADERS 1
| #define HAVE_DLFCN_H 1
| #define LT_OBJDIR ".libs/"
| #define USE_ASM 1
| #define ENABLE_SSE41 1
| #define ENABLE_AVX2 1
| #define ENABLE_SHANI 1
| #define HAVE_PTHREAD_PRIO_INHERIT 1
| #define HAVE_PTHREAD 1
| #define HAVE_DECL_STRERROR_R 1
| #define HAVE_STRERROR_R 1
| #define STRERROR_R_CHAR_P 1
| #define HAVE_FUNC_ATTRIBUTE_VISIBILITY 1
| /* end confdefs.h.  */
| 
| int
| main (void)
| {
| 
|   ;
|   return 0;
| }
configure:27743: result: no
configure:27753: checking whether the linker accepts -Wl,--high-entropy-va
configure:27773: g++ -std=c++14 -o conftest -g -O2 -fno-extended-identifiers  -DHAVE_BUILD_INFO -D__STDC_FORMAT_MACROS  -Wl,--fatal-warnings -Wl,--high-entropy-va conftest.cpp  >&5
/usr/bin/ld: unrecognized option '--high-entropy-va'
/usr/bin/ld: use the --help option for usage information
collect2: error: ld returned 1 exit status
configure:27773: $? = 1
configure: failed program was:
| /* confdefs.h */
| #define PACKAGE_NAME "Marsbux Core"
| #define PACKAGE_TARNAME "Marsbux"
| #define PACKAGE_VERSION "0.21.4"
| #define PACKAGE_STRING "Marsbux Core 0.21.4"
| #define PACKAGE_BUGREPORT "https://github.com/marsbux-project/marsbux/issues"
| #define PACKAGE_URL "https://marsbux.org/"
| #define HAVE_CXX14 1
| #define HAVE_STDIO_H 1
| #define HAVE_STDLIB_H 1
| #define HAVE_STRING_H 1
| #define HAVE_INTTYPES_H 1
| #define HAVE_STDINT_H 1
| #define HAVE_STRINGS_H 1
| #define HAVE_SYS_STAT_H 1
| #define HAVE_SYS_TYPES_H 1
| #define HAVE_UNISTD_H 1
| #define STDC_HEADERS 1
| #define HAVE_DLFCN_H 1
| #define LT_OBJDIR ".libs/"
| #define USE_ASM 1
| #define ENABLE_SSE41 1
| #define ENABLE_AVX2 1
| #define ENABLE_SHANI 1
| #define HAVE_PTHREAD_PRIO_INHERIT 1
| #define HAVE_PTHREAD 1
| #define HAVE_DECL_STRERROR_R 1
| #define HAVE_STRERROR_R 1
| #define STRERROR_R_CHAR_P 1
| #define HAVE_FUNC_ATTRIBUTE_VISIBILITY 1
| /* end confdefs.h.  */
| 
| int
| main (void)
| {
| 
|   ;
|   return 0;
| }
configure:27784: result: no
configure:27794: checking whether the linker accepts -Wl,-z,relro
configure:27814: g++ -std=c++14 -o conftest -g -O2 -fno-extended-identifiers  -DHAVE_BUILD_INFO -D__STDC_FORMAT_MACROS  -Wl,--fatal-warnings -Wl,-z,relro conftest.cpp  >&5
configure:27814: $? = 0
configure:27825: result: yes
configure:27835: checking whether the linker accepts -Wl,-z,now
configure:27855: g++ -std=c++14 -o conftest -g -O2 -fno-extended-identifiers  -DHAVE_BUILD_INFO -D__STDC_FORMAT_MACROS  -Wl,--fatal-warnings -Wl,-z,now conftest.cpp  >&5
configure:27855: $? = 0
configure:27866: result: yes
configure:27876: checking whether the linker accepts -Wl,-z,separate-code
configure:27896: g++ -std=c++14 -o conftest -g -O2 -fno-extended-identifiers  -DHAVE_BUILD_INFO -D__STDC_FORMAT_MACROS  -Wl,--fatal-warnings -Wl,-z,separate-code conftest.cpp  >&5
configure:27896: $? = 0
configure:27907: result: yes
configure:27917: checking whether the linker accepts -fPIE -pie
configure:27937: g++ -std=c++14 -o conftest -g -O2 -fno-extended-identifiers  -DHAVE_BUILD_INFO -D__STDC_FORMAT_MACROS  -Werror -fPIE -pie conftest.cpp  >&5
configure:27937: $? = 0
configure:27948: result: yes
configure:28180: checking for endian.h
configure:28180: g++ -std=c++14 -c -g -O2 -fno-extended-identifiers  -DHAVE_BUILD_INFO -D__STDC_FORMAT_MACROS conftest.cpp >&5
configure:28180: $? = 0
configure:28180: result: yes
configure:28186: checking for sys/endian.h
configure:28186: g++ -std=c++14 -c -g -O2 -fno-extended-identifiers  -DHAVE_BUILD_INFO -D__STDC_FORMAT_MACROS conftest.cpp >&5
conftest.cpp:61:10: fatal error: sys/endian.h: No such file or directory
   61 | #include <sys/endian.h>
      |          ^~~~~~~~~~~~~~
compilation terminated.
configure:28186: $? = 1
configure: failed program was:
| /* confdefs.h */
| #define PACKAGE_NAME "Marsbux Core"
| #define PACKAGE_TARNAME "Marsbux"
| #define PACKAGE_VERSION "0.21.4"
| #define PACKAGE_STRING "Marsbux Core 0.21.4"
| #define PACKAGE_BUGREPORT "https://github.com/marsbux-project/marsbux/issues"
| #define PACKAGE_URL "https://marsbux.org/"
| #define HAVE_CXX14 1
| #define HAVE_STDIO_H 1
| #define HAVE_STDLIB_H 1
| #define HAVE_STRING_H 1
| #define HAVE_INTTYPES_H 1
| #define HAVE_STDINT_H 1
| #define HAVE_STRINGS_H 1
| #define HAVE_SYS_STAT_H 1
| #define HAVE_SYS_TYPES_H 1
| #define HAVE_UNISTD_H 1
| #define STDC_HEADERS 1
| #define HAVE_DLFCN_H 1
| #define LT_OBJDIR ".libs/"
| #define USE_ASM 1
| #define ENABLE_SSE41 1
| #define ENABLE_AVX2 1
| #define ENABLE_SHANI 1
| #define HAVE_PTHREAD_PRIO_INHERIT 1
| #define HAVE_PTHREAD 1
| #define HAVE_DECL_STRERROR_R 1
| #define HAVE_STRERROR_R 1
| #define STRERROR_R_CHAR_P 1
| #define HAVE_FUNC_ATTRIBUTE_VISIBILITY 1
| #define HAVE_ENDIAN_H 1
| /* end confdefs.h.  */
| #include <stddef.h>
| #ifdef HAVE_STDIO_H
| # include <stdio.h>
| #endif
| #ifdef HAVE_STDLIB_H
| # include <stdlib.h>
| #endif
| #ifdef HAVE_STRING_H
| # include <string.h>
| #endif
| #ifdef HAVE_INTTYPES_H
| # include <inttypes.h>
| #endif
| #ifdef HAVE_STDINT_H
| # include <stdint.h>
| #endif
| #ifdef HAVE_STRINGS_H
| # include <strings.h>
| #endif
| #ifdef HAVE_SYS_TYPES_H
| # include <sys/types.h>
| #endif
| #ifdef HAVE_SYS_STAT_H
| # include <sys/stat.h>
| #endif
| #ifdef HAVE_UNISTD_H
| # include <unistd.h>
| #endif
| #include <sys/endian.h>
configure:28186: result: no
configure:28192: checking for byteswap.h
configure:28192: g++ -std=c++14 -c -g -O2 -fno-extended-identifiers  -DHAVE_BUILD_INFO -D__STDC_FORMAT_MACROS conftest.cpp >&5
configure:28192: $? = 0
configure:28192: result: yes
configure:28198: checking for stdio.h
configure:28198: result: yes
configure:28204: checking for stdlib.h
configure:28204: result: yes
configure:28210: checking for unistd.h
configure:28210: result: yes
configure:28216: checking for strings.h
configure:28216: result: yes
configure:28222: checking for sys/types.h
configure:28222: result: yes
configure:28228: checking for sys/stat.h
configure:28228: result: yes
configure:28234: checking for sys/select.h
configure:28234: g++ -std=c++14 -c -g -O2 -fno-extended-identifiers  -DHAVE_BUILD_INFO -D__STDC_FORMAT_MACROS conftest.cpp >&5
configure:28234: $? = 0
configure:28234: result: yes
configure:28240: checking for sys/prctl.h
configure:28240: g++ -std=c++14 -c -g -O2 -fno-extended-identifiers  -DHAVE_BUILD_INFO -D__STDC_FORMAT_MACROS conftest.cpp >&5
configure:28240: $? = 0
configure:28240: result: yes
configure:28246: checking for sys/sysctl.h
configure:28246: g++ -std=c++14 -c -g -O2 -fno-extended-identifiers  -DHAVE_BUILD_INFO -D__STDC_FORMAT_MACROS conftest.cpp >&5
conftest.cpp:70:10: fatal error: sys/sysctl.h: No such file or directory
   70 | #include <sys/sysctl.h>
      |          ^~~~~~~~~~~~~~
compilation terminated.
configure:28246: $? = 1
configure: failed program was:
| /* confdefs.h */
| #define PACKAGE_NAME "Marsbux Core"
| #define PACKAGE_TARNAME "Marsbux"
| #define PACKAGE_VERSION "0.21.4"
| #define PACKAGE_STRING "Marsbux Core 0.21.4"
| #define PACKAGE_BUGREPORT "https://github.com/marsbux-project/marsbux/issues"
| #define PACKAGE_URL "https://marsbux.org/"
| #define HAVE_CXX14 1
| #define HAVE_STDIO_H 1
| #define HAVE_STDLIB_H 1
| #define HAVE_STRING_H 1
| #define HAVE_INTTYPES_H 1
| #define HAVE_STDINT_H 1
| #define HAVE_STRINGS_H 1
| #define HAVE_SYS_STAT_H 1
| #define HAVE_SYS_TYPES_H 1
| #define HAVE_UNISTD_H 1
| #define STDC_HEADERS 1
| #define HAVE_DLFCN_H 1
| #define LT_OBJDIR ".libs/"
| #define USE_ASM 1
| #define ENABLE_SSE41 1
| #define ENABLE_AVX2 1
| #define ENABLE_SHANI 1
| #define HAVE_PTHREAD_PRIO_INHERIT 1
| #define HAVE_PTHREAD 1
| #define HAVE_DECL_STRERROR_R 1
| #define HAVE_STRERROR_R 1
| #define STRERROR_R_CHAR_P 1
| #define HAVE_FUNC_ATTRIBUTE_VISIBILITY 1
| #define HAVE_ENDIAN_H 1
| #define HAVE_BYTESWAP_H 1
| #define HAVE_STDIO_H 1
| #define HAVE_STDLIB_H 1
| #define HAVE_UNISTD_H 1
| #define HAVE_STRINGS_H 1
| #define HAVE_SYS_TYPES_H 1
| #define HAVE_SYS_STAT_H 1
| #define HAVE_SYS_SELECT_H 1
| #define HAVE_SYS_PRCTL_H 1
| /* end confdefs.h.  */
| #include <stddef.h>
| #ifdef HAVE_STDIO_H
| # include <stdio.h>
| #endif
| #ifdef HAVE_STDLIB_H
| # include <stdlib.h>
| #endif
| #ifdef HAVE_STRING_H
| # include <string.h>
| #endif
| #ifdef HAVE_INTTYPES_H
| # include <inttypes.h>
| #endif
| #ifdef HAVE_STDINT_H
| # include <stdint.h>
| #endif
| #ifdef HAVE_STRINGS_H
| # include <strings.h>
| #endif
| #ifdef HAVE_SYS_TYPES_H
| # include <sys/types.h>
| #endif
| #ifdef HAVE_SYS_STAT_H
| # include <sys/stat.h>
| #endif
| #ifdef HAVE_UNISTD_H
| # include <unistd.h>
| #endif
| #include <sys/sysctl.h>
configure:28246: result: no
configure:28252: checking for vm/vm_param.h
configure:28252: g++ -std=c++14 -c -g -O2 -fno-extended-identifiers  -DHAVE_BUILD_INFO -D__STDC_FORMAT_MACROS conftest.cpp >&5
conftest.cpp:70:10: fatal error: vm/vm_param.h: No such file or directory
   70 | #include <vm/vm_param.h>
      |          ^~~~~~~~~~~~~~~
compilation terminated.
configure:28252: $? = 1
configure: failed program was:
| /* confdefs.h */
| #define PACKAGE_NAME "Marsbux Core"
| #define PACKAGE_TARNAME "Marsbux"
| #define PACKAGE_VERSION "0.21.4"
| #define PACKAGE_STRING "Marsbux Core 0.21.4"
| #define PACKAGE_BUGREPORT "https://github.com/marsbux-project/marsbux/issues"
| #define PACKAGE_URL "https://marsbux.org/"
| #define HAVE_CXX14 1
| #define HAVE_STDIO_H 1
| #define HAVE_STDLIB_H 1
| #define HAVE_STRING_H 1
| #define HAVE_INTTYPES_H 1
| #define HAVE_STDINT_H 1
| #define HAVE_STRINGS_H 1
| #define HAVE_SYS_STAT_H 1
| #define HAVE_SYS_TYPES_H 1
| #define HAVE_UNISTD_H 1
| #define STDC_HEADERS 1
| #define HAVE_DLFCN_H 1
| #define LT_OBJDIR ".libs/"
| #define USE_ASM 1
| #define ENABLE_SSE41 1
| #define ENABLE_AVX2 1
| #define ENABLE_SHANI 1
| #define HAVE_PTHREAD_PRIO_INHERIT 1
| #define HAVE_PTHREAD 1
| #define HAVE_DECL_STRERROR_R 1
| #define HAVE_STRERROR_R 1
| #define STRERROR_R_CHAR_P 1
| #define HAVE_FUNC_ATTRIBUTE_VISIBILITY 1
| #define HAVE_ENDIAN_H 1
| #define HAVE_BYTESWAP_H 1
| #define HAVE_STDIO_H 1
| #define HAVE_STDLIB_H 1
| #define HAVE_UNISTD_H 1
| #define HAVE_STRINGS_H 1
| #define HAVE_SYS_TYPES_H 1
| #define HAVE_SYS_STAT_H 1
| #define HAVE_SYS_SELECT_H 1
| #define HAVE_SYS_PRCTL_H 1
| /* end confdefs.h.  */
| #include <stddef.h>
| #ifdef HAVE_STDIO_H
| # include <stdio.h>
| #endif
| #ifdef HAVE_STDLIB_H
| # include <stdlib.h>
| #endif
| #ifdef HAVE_STRING_H
| # include <string.h>
| #endif
| #ifdef HAVE_INTTYPES_H
| # include <inttypes.h>
| #endif
| #ifdef HAVE_STDINT_H
| # include <stdint.h>
| #endif
| #ifdef HAVE_STRINGS_H
| # include <strings.h>
| #endif
| #ifdef HAVE_SYS_TYPES_H
| # include <sys/types.h>
| #endif
| #ifdef HAVE_SYS_STAT_H
| # include <sys/stat.h>
| #endif
| #ifdef HAVE_UNISTD_H
| # include <unistd.h>
| #endif
| #include <vm/vm_param.h>
configure:28252: result: no
configure:28258: checking for sys/vmmeter.h
configure:28258: g++ -std=c++14 -c -g -O2 -fno-extended-identifiers  -DHAVE_BUILD_INFO -D__STDC_FORMAT_MACROS conftest.cpp >&5
conftest.cpp:70:10: fatal error: sys/vmmeter.h: No such file or directory
   70 | #include <sys/vmmeter.h>
      |          ^~~~~~~~~~~~~~~
compilation terminated.
configure:28258: $? = 1
configure: failed program was:
| /* confdefs.h */
| #define PACKAGE_NAME "Marsbux Core"
| #define PACKAGE_TARNAME "Marsbux"
| #define PACKAGE_VERSION "0.21.4"
| #define PACKAGE_STRING "Marsbux Core 0.21.4"
| #define PACKAGE_BUGREPORT "https://github.com/marsbux-project/marsbux/issues"
| #define PACKAGE_URL "https://marsbux.org/"
| #define HAVE_CXX14 1
| #define HAVE_STDIO_H 1
| #define HAVE_STDLIB_H 1
| #define HAVE_STRING_H 1
| #define HAVE_INTTYPES_H 1
| #define HAVE_STDINT_H 1
| #define HAVE_STRINGS_H 1
| #define HAVE_SYS_STAT_H 1
| #define HAVE_SYS_TYPES_H 1
| #define HAVE_UNISTD_H 1
| #define STDC_HEADERS 1
| #define HAVE_DLFCN_H 1
| #define LT_OBJDIR ".libs/"
| #define USE_ASM 1
| #define ENABLE_SSE41 1
| #define ENABLE_AVX2 1
| #define ENABLE_SHANI 1
| #define HAVE_PTHREAD_PRIO_INHERIT 1
| #define HAVE_PTHREAD 1
| #define HAVE_DECL_STRERROR_R 1
| #define HAVE_STRERROR_R 1
| #define STRERROR_R_CHAR_P 1
| #define HAVE_FUNC_ATTRIBUTE_VISIBILITY 1
| #define HAVE_ENDIAN_H 1
| #define HAVE_BYTESWAP_H 1
| #define HAVE_STDIO_H 1
| #define HAVE_STDLIB_H 1
| #define HAVE_UNISTD_H 1
| #define HAVE_STRINGS_H 1
| #define HAVE_SYS_TYPES_H 1
| #define HAVE_SYS_STAT_H 1
| #define HAVE_SYS_SELECT_H 1
| #define HAVE_SYS_PRCTL_H 1
| /* end confdefs.h.  */
| #include <stddef.h>
| #ifdef HAVE_STDIO_H
| # include <stdio.h>
| #endif
| #ifdef HAVE_STDLIB_H
| # include <stdlib.h>
| #endif
| #ifdef HAVE_STRING_H
| # include <string.h>
| #endif
| #ifdef HAVE_INTTYPES_H
| # include <inttypes.h>
| #endif
| #ifdef HAVE_STDINT_H
| # include <stdint.h>
| #endif
| #ifdef HAVE_STRINGS_H
| # include <strings.h>
| #endif
| #ifdef HAVE_SYS_TYPES_H
| # include <sys/types.h>
| #endif
| #ifdef HAVE_SYS_STAT_H
| # include <sys/stat.h>
| #endif
| #ifdef HAVE_UNISTD_H
| # include <unistd.h>
| #endif
| #include <sys/vmmeter.h>
configure:28258: result: no
configure:28264: checking for sys/resources.h
configure:28264: g++ -std=c++14 -c -g -O2 -fno-extended-identifiers  -DHAVE_BUILD_INFO -D__STDC_FORMAT_MACROS conftest.cpp >&5
conftest.cpp:70:10: fatal error: sys/resources.h: No such file or directory
   70 | #include <sys/resources.h>
      |          ^~~~~~~~~~~~~~~~~
compilation terminated.
configure:28264: $? = 1
configure: failed program was:
| /* confdefs.h */
| #define PACKAGE_NAME "Marsbux Core"
| #define PACKAGE_TARNAME "Marsbux"
| #define PACKAGE_VERSION "0.21.4"
| #define PACKAGE_STRING "Marsbux Core 0.21.4"
| #define PACKAGE_BUGREPORT "https://github.com/marsbux-project/marsbux/issues"
| #define PACKAGE_URL "https://marsbux.org/"
| #define HAVE_CXX14 1
| #define HAVE_STDIO_H 1
| #define HAVE_STDLIB_H 1
| #define HAVE_STRING_H 1
| #define HAVE_INTTYPES_H 1
| #define HAVE_STDINT_H 1
| #define HAVE_STRINGS_H 1
| #define HAVE_SYS_STAT_H 1
| #define HAVE_SYS_TYPES_H 1
| #define HAVE_UNISTD_H 1
| #define STDC_HEADERS 1
| #define HAVE_DLFCN_H 1
| #define LT_OBJDIR ".libs/"
| #define USE_ASM 1
| #define ENABLE_SSE41 1
| #define ENABLE_AVX2 1
| #define ENABLE_SHANI 1
| #define HAVE_PTHREAD_PRIO_INHERIT 1
| #define HAVE_PTHREAD 1
| #define HAVE_DECL_STRERROR_R 1
| #define HAVE_STRERROR_R 1
| #define STRERROR_R_CHAR_P 1
| #define HAVE_FUNC_ATTRIBUTE_VISIBILITY 1
| #define HAVE_ENDIAN_H 1
| #define HAVE_BYTESWAP_H 1
| #define HAVE_STDIO_H 1
| #define HAVE_STDLIB_H 1
| #define HAVE_UNISTD_H 1
| #define HAVE_STRINGS_H 1
| #define HAVE_SYS_TYPES_H 1
| #define HAVE_SYS_STAT_H 1
| #define HAVE_SYS_SELECT_H 1
| #define HAVE_SYS_PRCTL_H 1
| /* end confdefs.h.  */
| #include <stddef.h>
| #ifdef HAVE_STDIO_H
| # include <stdio.h>
| #endif
| #ifdef HAVE_STDLIB_H
| # include <stdlib.h>
| #endif
| #ifdef HAVE_STRING_H
| # include <string.h>
| #endif
| #ifdef HAVE_INTTYPES_H
| # include <inttypes.h>
| #endif
| #ifdef HAVE_STDINT_H
| # include <stdint.h>
| #endif
| #ifdef HAVE_STRINGS_H
| # include <strings.h>
| #endif
| #ifdef HAVE_SYS_TYPES_H
| # include <sys/types.h>
| #endif
| #ifdef HAVE_SYS_STAT_H
| # include <sys/stat.h>
| #endif
| #ifdef HAVE_UNISTD_H
| # include <unistd.h>
| #endif
| #include <sys/resources.h>
configure:28264: result: no
configure:28272: checking whether getifaddrs is declared
configure:28272: g++ -std=c++14 -c -g -O2 -fno-extended-identifiers   -DHAVE_BUILD_INFO -D__STDC_FORMAT_MACROS conftest.cpp >&5
configure:28272: $? = 0
configure:28272: result: yes
configure:28294: checking whether ifaddrs funcs can be used without link library
configure:28310: g++ -std=c++14 -o conftest -g -O2 -fno-extended-identifiers  -DHAVE_BUILD_INFO -D__STDC_FORMAT_MACROS  conftest.cpp  >&5
configure:28310: $? = 0
configure:28313: result: yes
configure:28367: checking whether freeifaddrs is declared
configure:28367: g++ -std=c++14 -c -g -O2 -fno-extended-identifiers   -DHAVE_BUILD_INFO -D__STDC_FORMAT_MACROS conftest.cpp >&5
configure:28367: $? = 0
configure:28367: result: yes
configure:28389: checking whether ifaddrs funcs can be used without link library
configure:28405: g++ -std=c++14 -o conftest -g -O2 -fno-extended-identifiers  -DHAVE_BUILD_INFO -D__STDC_FORMAT_MACROS  conftest.cpp  >&5
configure:28405: $? = 0
configure:28408: result: yes
configure:28463: checking whether strnlen is declared
configure:28463: g++ -std=c++14 -c -g -O2 -fno-extended-identifiers   -DHAVE_BUILD_INFO -D__STDC_FORMAT_MACROS conftest.cpp >&5
configure:28463: $? = 0
configure:28463: result: yes
configure:28473: checking whether daemon is declared
configure:28473: g++ -std=c++14 -c -g -O2 -fno-extended-identifiers   -DHAVE_BUILD_INFO -D__STDC_FORMAT_MACROS conftest.cpp >&5
configure:28473: $? = 0
configure:28473: result: yes
configure:28483: checking whether le16toh is declared
configure:28483: g++ -std=c++14 -c -g -O2 -fno-extended-identifiers   -DHAVE_BUILD_INFO -D__STDC_FORMAT_MACROS conftest.cpp >&5
configure:28483: $? = 0
configure:28483: result: yes
configure:28496: checking whether le32toh is declared
configure:28496: g++ -std=c++14 -c -g -O2 -fno-extended-identifiers   -DHAVE_BUILD_INFO -D__STDC_FORMAT_MACROS conftest.cpp >&5
configure:28496: $? = 0
configure:28496: result: yes
configure:28509: checking whether le64toh is declared
configure:28509: g++ -std=c++14 -c -g -O2 -fno-extended-identifiers   -DHAVE_BUILD_INFO -D__STDC_FORMAT_MACROS conftest.cpp >&5
configure:28509: $? = 0
configure:28509: result: yes
configure:28522: checking whether htole16 is declared
configure:28522: g++ -std=c++14 -c -g -O2 -fno-extended-identifiers   -DHAVE_BUILD_INFO -D__STDC_FORMAT_MACROS conftest.cpp >&5
configure:28522: $? = 0
configure:28522: result: yes
configure:28535: checking whether htole32 is declared
configure:28535: g++ -std=c++14 -c -g -O2 -fno-extended-identifiers   -DHAVE_BUILD_INFO -D__STDC_FORMAT_MACROS conftest.cpp >&5
configure:28535: $? = 0
configure:28535: result: yes
configure:28548: checking whether htole64 is declared
configure:28548: g++ -std=c++14 -c -g -O2 -fno-extended-identifiers   -DHAVE_BUILD_INFO -D__STDC_FORMAT_MACROS conftest.cpp >&5
configure:28548: $? = 0
configure:28548: result: yes
configure:28561: checking whether be16toh is declared
configure:28561: g++ -std=c++14 -c -g -O2 -fno-extended-identifiers   -DHAVE_BUILD_INFO -D__STDC_FORMAT_MACROS conftest.cpp >&5
configure:28561: $? = 0
configure:28561: result: yes
configure:28574: checking whether be32toh is declared
configure:28574: g++ -std=c++14 -c -g -O2 -fno-extended-identifiers   -DHAVE_BUILD_INFO -D__STDC_FORMAT_MACROS conftest.cpp >&5
configure:28574: $? = 0
configure:28574: result: yes
configure:28587: checking whether be64toh is declared
configure:28587: g++ -std=c++14 -c -g -O2 -fno-extended-identifiers   -DHAVE_BUILD_INFO -D__STDC_FORMAT_MACROS conftest.cpp >&5
configure:28587: $? = 0
configure:28587: result: yes
configure:28600: checking whether htobe16 is declared
configure:28600: g++ -std=c++14 -c -g -O2 -fno-extended-identifiers   -DHAVE_BUILD_INFO -D__STDC_FORMAT_MACROS conftest.cpp >&5
configure:28600: $? = 0
configure:28600: result: yes
configure:28613: checking whether htobe32 is declared
configure:28613: g++ -std=c++14 -c -g -O2 -fno-extended-identifiers   -DHAVE_BUILD_INFO -D__STDC_FORMAT_MACROS conftest.cpp >&5
configure:28613: $? = 0
configure:28613: result: yes
configure:28626: checking whether htobe64 is declared
configure:28626: g++ -std=c++14 -c -g -O2 -fno-extended-identifiers   -DHAVE_BUILD_INFO -D__STDC_FORMAT_MACROS conftest.cpp >&5
configure:28626: $? = 0
configure:28626: result: yes
configure:28641: checking whether bswap_16 is declared
configure:28641: g++ -std=c++14 -c -g -O2 -fno-extended-identifiers   -DHAVE_BUILD_INFO -D__STDC_FORMAT_MACROS conftest.cpp >&5
configure:28641: $? = 0
configure:28641: result: yes
configure:28652: checking whether bswap_32 is declared
configure:28652: g++ -std=c++14 -c -g -O2 -fno-extended-identifiers   -DHAVE_BUILD_INFO -D__STDC_FORMAT_MACROS conftest.cpp >&5
configure:28652: $? = 0
configure:28652: result: yes
configure:28663: checking whether bswap_64 is declared
configure:28663: g++ -std=c++14 -c -g -O2 -fno-extended-identifiers   -DHAVE_BUILD_INFO -D__STDC_FORMAT_MACROS conftest.cpp >&5
configure:28663: $? = 0
configure:28663: result: yes
configure:28676: checking for __builtin_clzl
configure:28691: g++ -std=c++14 -c -g -O2 -fno-extended-identifiers  -DHAVE_BUILD_INFO -D__STDC_FORMAT_MACROS conftest.cpp >&5
configure:28691: $? = 0
configure:28693: result: yes
configure:28704: checking for __builtin_clzll
configure:28719: g++ -std=c++14 -c -g -O2 -fno-extended-identifiers  -DHAVE_BUILD_INFO -D__STDC_FORMAT_MACROS conftest.cpp >&5
configure:28719: $? = 0
configure:28721: result: yes
configure:28732: checking for getmemoryinfo
configure:28745: g++ -std=c++14 -c -g -O2 -fno-extended-identifiers  -DHAVE_BUILD_INFO -D__STDC_FORMAT_MACROS conftest.cpp >&5
configure:28745: $? = 0
configure:28747: result: yes
configure:28758: checking for mallopt M_ARENA_MAX
configure:28771: g++ -std=c++14 -c -g -O2 -fno-extended-identifiers  -DHAVE_BUILD_INFO -D__STDC_FORMAT_MACROS conftest.cpp >&5
configure:28771: $? = 0
configure:28773: result: yes
configure:28784: checking for posix_fallocate
configure:28805: g++ -std=c++14 -c -g -O2 -fno-extended-identifiers  -DHAVE_BUILD_INFO -D__STDC_FORMAT_MACROS conftest.cpp >&5
configure:28805: $? = 0
configure:28807: result: yes
configure:28818: checking for visibility attribute
configure:28827: g++ -std=c++14 -o conftest -g -O2 -fno-extended-identifiers  -DHAVE_BUILD_INFO -D__STDC_FORMAT_MACROS  conftest.cpp  >&5
configure:28827: $? = 0
configure:28833: result: yes
configure:28852: checking for thread_local support
configure:28866: g++ -std=c++14 -o conftest -g -O2 -fno-extended-identifiers  -DHAVE_BUILD_INFO -D__STDC_FORMAT_MACROS  -pthread conftest.cpp  >&5
configure:28866: $? = 0
configure:28882: result: yes
configure:28899: checking for gmtime_r
configure:28912: g++ -std=c++14 -c -g -O2 -fno-extended-identifiers  -DHAVE_BUILD_INFO -D__STDC_FORMAT_MACROS conftest.cpp >&5
configure:28912: $? = 0
configure:28914: result: yes
configure:28949: checking for Linux getrandom syscall
configure:28964: g++ -std=c++14 -c -g -O2 -fno-extended-identifiers  -DHAVE_BUILD_INFO -D__STDC_FORMAT_MACROS conftest.cpp >&5
configure:28964: $? = 0
configure:28966: result: yes
configure:28977: checking for getentropy
configure:28990: g++ -std=c++14 -c -g -O2 -fno-extended-identifiers  -DHAVE_BUILD_INFO -D__STDC_FORMAT_MACROS conftest.cpp >&5
conftest.cpp: In function 'int main()':
conftest.cpp:74:12: warning: ignoring return value of 'int getentropy(void*, size_t)' declared with attribute 'warn_unused_result' [-Wunused-result]
   74 |  getentropy(nullptr, 32)
      |  ~~~~~~~~~~^~~~~~~~~~~~~
conftest.cpp:74:12: warning: argument 1 is null but the corresponding size argument 2 value is 32 [-Wnonnull]
   74 |  getentropy(nullptr, 32)
      |  ~~~~~~~~~~^~~~~~~~~~~~~
In file included from conftest.cpp:70:
/usr/include/unistd.h:1201:5: note: in a call to function 'int getentropy(void*, size_t)' declared with attribute 'access (write_only, 1, 2)'
 1201 | int getentropy (void *__buffer, size_t __length) __wur
      |     ^~~~~~~~~~
configure:28990: $? = 0
configure:28992: result: yes
configure:29003: checking for getentropy via random.h
configure:29017: g++ -std=c++14 -c -g -O2 -fno-extended-identifiers  -DHAVE_BUILD_INFO -D__STDC_FORMAT_MACROS conftest.cpp >&5
conftest.cpp: In function 'int main()':
conftest.cpp:76:12: warning: ignoring return value of 'int getentropy(void*, size_t)' declared with attribute 'warn_unused_result' [-Wunused-result]
   76 |  getentropy(nullptr, 32)
      |  ~~~~~~~~~~^~~~~~~~~~~~~
conftest.cpp:76:12: warning: argument 1 is null but the corresponding size argument 2 value is 32 [-Wnonnull]
   76 |  getentropy(nullptr, 32)
      |  ~~~~~~~~~~^~~~~~~~~~~~~
In file included from conftest.cpp:72:
/usr/include/x86_64-linux-gnu/sys/random.h:40:5: note: in a call to function 'int getentropy(void*, size_t)' declared with attribute 'access (write_only, 1, 2)'
   40 | int getentropy (void *__buffer, size_t __length) __wur
      |     ^~~~~~~~~~
configure:29017: $? = 0
configure:29019: result: yes
configure:29030: checking for sysctl
configure:29047: g++ -std=c++14 -c -g -O2 -fno-extended-identifiers  -DHAVE_BUILD_INFO -D__STDC_FORMAT_MACROS conftest.cpp >&5
conftest.cpp:73:12: fatal error: sys/sysctl.h: No such file or directory
   73 |   #include <sys/sysctl.h>
      |            ^~~~~~~~~~~~~~
compilation terminated.
configure:29047: $? = 1
configure: failed program was:
| /* confdefs.h */
| #define PACKAGE_NAME "Marsbux Core"
| #define PACKAGE_TARNAME "Marsbux"
| #define PACKAGE_VERSION "0.21.4"
| #define PACKAGE_STRING "Marsbux Core 0.21.4"
| #define PACKAGE_BUGREPORT "https://github.com/marsbux-project/marsbux/issues"
| #define PACKAGE_URL "https://marsbux.org/"
| #define HAVE_CXX14 1
| #define HAVE_STDIO_H 1
| #define HAVE_STDLIB_H 1
| #define HAVE_STRING_H 1
| #define HAVE_INTTYPES_H 1
| #define HAVE_STDINT_H 1
| #define HAVE_STRINGS_H 1
| #define HAVE_SYS_STAT_H 1
| #define HAVE_SYS_TYPES_H 1
| #define HAVE_UNISTD_H 1
| #define STDC_HEADERS 1
| #define HAVE_DLFCN_H 1
| #define LT_OBJDIR ".libs/"
| #define USE_ASM 1
| #define ENABLE_SSE41 1
| #define ENABLE_AVX2 1
| #define ENABLE_SHANI 1
| #define HAVE_PTHREAD_PRIO_INHERIT 1
| #define HAVE_PTHREAD 1
| #define HAVE_DECL_STRERROR_R 1
| #define HAVE_STRERROR_R 1
| #define STRERROR_R_CHAR_P 1
| #define HAVE_FUNC_ATTRIBUTE_VISIBILITY 1
| #define HAVE_ENDIAN_H 1
| #define HAVE_BYTESWAP_H 1
| #define HAVE_STDIO_H 1
| #define HAVE_STDLIB_H 1
| #define HAVE_UNISTD_H 1
| #define HAVE_STRINGS_H 1
| #define HAVE_SYS_TYPES_H 1
| #define HAVE_SYS_STAT_H 1
| #define HAVE_SYS_SELECT_H 1
| #define HAVE_SYS_PRCTL_H 1
| #define HAVE_DECL_GETIFADDRS 1
| #define HAVE_DECL_FREEIFADDRS 1
| #define HAVE_DECL_STRNLEN 1
| #define HAVE_DECL_DAEMON 1
| #define HAVE_DECL_LE16TOH 1
| #define HAVE_DECL_LE32TOH 1
| #define HAVE_DECL_LE64TOH 1
| #define HAVE_DECL_HTOLE16 1
| #define HAVE_DECL_HTOLE32 1
| #define HAVE_DECL_HTOLE64 1
| #define HAVE_DECL_BE16TOH 1
| #define HAVE_DECL_BE32TOH 1
| #define HAVE_DECL_BE64TOH 1
| #define HAVE_DECL_HTOBE16 1
| #define HAVE_DECL_HTOBE32 1
| #define HAVE_DECL_HTOBE64 1
| #define HAVE_DECL_BSWAP_16 1
| #define HAVE_DECL_BSWAP_32 1
| #define HAVE_DECL_BSWAP_64 1
| #define HAVE_BUILTIN_CLZL 1
| #define HAVE_BUILTIN_CLZLL 1
| #define HAVE_MALLOC_INFO 1
| #define HAVE_MALLOPT_ARENA_MAX 1
| #define HAVE_POSIX_FALLOCATE 1
| #define HAVE_VISIBILITY_ATTRIBUTE 1
| #define HAVE_THREAD_LOCAL 1
| #define HAVE_GMTIME_R 1
| #define HAVE_SYS_GETRANDOM 1
| #define HAVE_GETENTROPY 1
| #define HAVE_GETENTROPY_RAND 1
| /* end confdefs.h.  */
| #include <sys/types.h>
|   #include <sys/sysctl.h>
| int
| main (void)
| {
|  #ifdef __linux__
|     #error "Don't use sysctl on Linux, it's deprecated even when it works"
|     #endif
|     sysctl(nullptr, 2, nullptr, nullptr, nullptr, 0);
|   ;
|   return 0;
| }
configure:29054: result: no
configure:29060: checking for sysctl KERN_ARND
configure:29078: g++ -std=c++14 -c -g -O2 -fno-extended-identifiers  -DHAVE_BUILD_INFO -D__STDC_FORMAT_MACROS conftest.cpp >&5
conftest.cpp:73:12: fatal error: sys/sysctl.h: No such file or directory
   73 |   #include <sys/sysctl.h>
      |            ^~~~~~~~~~~~~~
compilation terminated.
configure:29078: $? = 1
configure: failed program was:
| /* confdefs.h */
| #define PACKAGE_NAME "Marsbux Core"
| #define PACKAGE_TARNAME "Marsbux"
| #define PACKAGE_VERSION "0.21.4"
| #define PACKAGE_STRING "Marsbux Core 0.21.4"
| #define PACKAGE_BUGREPORT "https://github.com/marsbux-project/marsbux/issues"
| #define PACKAGE_URL "https://marsbux.org/"
| #define HAVE_CXX14 1
| #define HAVE_STDIO_H 1
| #define HAVE_STDLIB_H 1
| #define HAVE_STRING_H 1
| #define HAVE_INTTYPES_H 1
| #define HAVE_STDINT_H 1
| #define HAVE_STRINGS_H 1
| #define HAVE_SYS_STAT_H 1
| #define HAVE_SYS_TYPES_H 1
| #define HAVE_UNISTD_H 1
| #define STDC_HEADERS 1
| #define HAVE_DLFCN_H 1
| #define LT_OBJDIR ".libs/"
| #define USE_ASM 1
| #define ENABLE_SSE41 1
| #define ENABLE_AVX2 1
| #define ENABLE_SHANI 1
| #define HAVE_PTHREAD_PRIO_INHERIT 1
| #define HAVE_PTHREAD 1
| #define HAVE_DECL_STRERROR_R 1
| #define HAVE_STRERROR_R 1
| #define STRERROR_R_CHAR_P 1
| #define HAVE_FUNC_ATTRIBUTE_VISIBILITY 1
| #define HAVE_ENDIAN_H 1
| #define HAVE_BYTESWAP_H 1
| #define HAVE_STDIO_H 1
| #define HAVE_STDLIB_H 1
| #define HAVE_UNISTD_H 1
| #define HAVE_STRINGS_H 1
| #define HAVE_SYS_TYPES_H 1
| #define HAVE_SYS_STAT_H 1
| #define HAVE_SYS_SELECT_H 1
| #define HAVE_SYS_PRCTL_H 1
| #define HAVE_DECL_GETIFADDRS 1
| #define HAVE_DECL_FREEIFADDRS 1
| #define HAVE_DECL_STRNLEN 1
| #define HAVE_DECL_DAEMON 1
| #define HAVE_DECL_LE16TOH 1
| #define HAVE_DECL_LE32TOH 1
| #define HAVE_DECL_LE64TOH 1
| #define HAVE_DECL_HTOLE16 1
| #define HAVE_DECL_HTOLE32 1
| #define HAVE_DECL_HTOLE64 1
| #define HAVE_DECL_BE16TOH 1
| #define HAVE_DECL_BE32TOH 1
| #define HAVE_DECL_BE64TOH 1
| #define HAVE_DECL_HTOBE16 1
| #define HAVE_DECL_HTOBE32 1
| #define HAVE_DECL_HTOBE64 1
| #define HAVE_DECL_BSWAP_16 1
| #define HAVE_DECL_BSWAP_32 1
| #define HAVE_DECL_BSWAP_64 1
| #define HAVE_BUILTIN_CLZL 1
| #define HAVE_BUILTIN_CLZLL 1
| #define HAVE_MALLOC_INFO 1
| #define HAVE_MALLOPT_ARENA_MAX 1
| #define HAVE_POSIX_FALLOCATE 1
| #define HAVE_VISIBILITY_ATTRIBUTE 1
| #define HAVE_THREAD_LOCAL 1
| #define HAVE_GMTIME_R 1
| #define HAVE_SYS_GETRANDOM 1
| #define HAVE_GETENTROPY 1
| #define HAVE_GETENTROPY_RAND 1
| /* end confdefs.h.  */
| #include <sys/types.h>
|   #include <sys/sysctl.h>
| int
| main (void)
| {
|  #ifdef __linux__
|     #error "Don't use sysctl on Linux, it's deprecated even when it works"
|     #endif
|     static int name[2] = {CTL_KERN, KERN_ARND};
|     sysctl(name, 2, nullptr, nullptr, nullptr, 0);
|   ;
|   return 0;
| }
configure:29085: result: no
configure:29091: checking for if type char equals int8_t
configure:29105: g++ -std=c++14 -c -g -O2 -fno-extended-identifiers  -DHAVE_BUILD_INFO -D__STDC_FORMAT_MACROS conftest.cpp >&5
conftest.cpp: In function 'int main()':
conftest.cpp:77:44: error: static assertion failed
   77 |  static_assert(std::is_same<int8_t, char>::value, "");
      |                ~~~~~~~~~~~~~~~~~~~~~~~~~~~~^~~~~
configure:29105: $? = 1
configure: failed program was:
| /* confdefs.h */
| #define PACKAGE_NAME "Marsbux Core"
| #define PACKAGE_TARNAME "Marsbux"
| #define PACKAGE_VERSION "0.21.4"
| #define PACKAGE_STRING "Marsbux Core 0.21.4"
| #define PACKAGE_BUGREPORT "https://github.com/marsbux-project/marsbux/issues"
| #define PACKAGE_URL "https://marsbux.org/"
| #define HAVE_CXX14 1
| #define HAVE_STDIO_H 1
| #define HAVE_STDLIB_H 1
| #define HAVE_STRING_H 1
| #define HAVE_INTTYPES_H 1
| #define HAVE_STDINT_H 1
| #define HAVE_STRINGS_H 1
| #define HAVE_SYS_STAT_H 1
| #define HAVE_SYS_TYPES_H 1
| #define HAVE_UNISTD_H 1
| #define STDC_HEADERS 1
| #define HAVE_DLFCN_H 1
| #define LT_OBJDIR ".libs/"
| #define USE_ASM 1
| #define ENABLE_SSE41 1
| #define ENABLE_AVX2 1
| #define ENABLE_SHANI 1
| #define HAVE_PTHREAD_PRIO_INHERIT 1
| #define HAVE_PTHREAD 1
| #define HAVE_DECL_STRERROR_R 1
| #define HAVE_STRERROR_R 1
| #define STRERROR_R_CHAR_P 1
| #define HAVE_FUNC_ATTRIBUTE_VISIBILITY 1
| #define HAVE_ENDIAN_H 1
| #define HAVE_BYTESWAP_H 1
| #define HAVE_STDIO_H 1
| #define HAVE_STDLIB_H 1
| #define HAVE_UNISTD_H 1
| #define HAVE_STRINGS_H 1
| #define HAVE_SYS_TYPES_H 1
| #define HAVE_SYS_STAT_H 1
| #define HAVE_SYS_SELECT_H 1
| #define HAVE_SYS_PRCTL_H 1
| #define HAVE_DECL_GETIFADDRS 1
| #define HAVE_DECL_FREEIFADDRS 1
| #define HAVE_DECL_STRNLEN 1
| #define HAVE_DECL_DAEMON 1
| #define HAVE_DECL_LE16TOH 1
| #define HAVE_DECL_LE32TOH 1
| #define HAVE_DECL_LE64TOH 1
| #define HAVE_DECL_HTOLE16 1
| #define HAVE_DECL_HTOLE32 1
| #define HAVE_DECL_HTOLE64 1
| #define HAVE_DECL_BE16TOH 1
| #define HAVE_DECL_BE32TOH 1
| #define HAVE_DECL_BE64TOH 1
| #define HAVE_DECL_HTOBE16 1
| #define HAVE_DECL_HTOBE32 1
| #define HAVE_DECL_HTOBE64 1
| #define HAVE_DECL_BSWAP_16 1
| #define HAVE_DECL_BSWAP_32 1
| #define HAVE_DECL_BSWAP_64 1
| #define HAVE_BUILTIN_CLZL 1
| #define HAVE_BUILTIN_CLZLL 1
| #define HAVE_MALLOC_INFO 1
| #define HAVE_MALLOPT_ARENA_MAX 1
| #define HAVE_POSIX_FALLOCATE 1
| #define HAVE_VISIBILITY_ATTRIBUTE 1
| #define HAVE_THREAD_LOCAL 1
| #define HAVE_GMTIME_R 1
| #define HAVE_SYS_GETRANDOM 1
| #define HAVE_GETENTROPY 1
| #define HAVE_GETENTROPY_RAND 1
| /* end confdefs.h.  */
| #include <stdint.h>
|   #include <type_traits>
| int
| main (void)
| {
|  static_assert(std::is_same<int8_t, char>::value, "");
|   ;
|   return 0;
| }
configure:29112: result: no
configure:29118: checking for fdatasync
configure:29131: g++ -std=c++14 -c -g -O2 -fno-extended-identifiers  -DHAVE_BUILD_INFO -D__STDC_FORMAT_MACROS conftest.cpp >&5
configure:29131: $? = 0
configure:29133: result: yes
configure:29145: checking for F_FULLFSYNC
configure:29158: g++ -std=c++14 -c -g -O2 -fno-extended-identifiers  -DHAVE_BUILD_INFO -D__STDC_FORMAT_MACROS conftest.cpp >&5
conftest.cpp: In function 'int main()':
conftest.cpp:77:11: error: 'F_FULLFSYNC' was not declared in this scope
   77 |  fcntl(0, F_FULLFSYNC, 0);
      |           ^~~~~~~~~~~
configure:29158: $? = 1
configure: failed program was:
| /* confdefs.h */
| #define PACKAGE_NAME "Marsbux Core"
| #define PACKAGE_TARNAME "Marsbux"
| #define PACKAGE_VERSION "0.21.4"
| #define PACKAGE_STRING "Marsbux Core 0.21.4"
| #define PACKAGE_BUGREPORT "https://github.com/marsbux-project/marsbux/issues"
| #define PACKAGE_URL "https://marsbux.org/"
| #define HAVE_CXX14 1
| #define HAVE_STDIO_H 1
| #define HAVE_STDLIB_H 1
| #define HAVE_STRING_H 1
| #define HAVE_INTTYPES_H 1
| #define HAVE_STDINT_H 1
| #define HAVE_STRINGS_H 1
| #define HAVE_SYS_STAT_H 1
| #define HAVE_SYS_TYPES_H 1
| #define HAVE_UNISTD_H 1
| #define STDC_HEADERS 1
| #define HAVE_DLFCN_H 1
| #define LT_OBJDIR ".libs/"
| #define USE_ASM 1
| #define ENABLE_SSE41 1
| #define ENABLE_AVX2 1
| #define ENABLE_SHANI 1
| #define HAVE_PTHREAD_PRIO_INHERIT 1
| #define HAVE_PTHREAD 1
| #define HAVE_DECL_STRERROR_R 1
| #define HAVE_STRERROR_R 1
| #define STRERROR_R_CHAR_P 1
| #define HAVE_FUNC_ATTRIBUTE_VISIBILITY 1
| #define HAVE_ENDIAN_H 1
| #define HAVE_BYTESWAP_H 1
| #define HAVE_STDIO_H 1
| #define HAVE_STDLIB_H 1
| #define HAVE_UNISTD_H 1
| #define HAVE_STRINGS_H 1
| #define HAVE_SYS_TYPES_H 1
| #define HAVE_SYS_STAT_H 1
| #define HAVE_SYS_SELECT_H 1
| #define HAVE_SYS_PRCTL_H 1
| #define HAVE_DECL_GETIFADDRS 1
| #define HAVE_DECL_FREEIFADDRS 1
| #define HAVE_DECL_STRNLEN 1
| #define HAVE_DECL_DAEMON 1
| #define HAVE_DECL_LE16TOH 1
| #define HAVE_DECL_LE32TOH 1
| #define HAVE_DECL_LE64TOH 1
| #define HAVE_DECL_HTOLE16 1
| #define HAVE_DECL_HTOLE32 1
| #define HAVE_DECL_HTOLE64 1
| #define HAVE_DECL_BE16TOH 1
| #define HAVE_DECL_BE32TOH 1
| #define HAVE_DECL_BE64TOH 1
| #define HAVE_DECL_HTOBE16 1
| #define HAVE_DECL_HTOBE32 1
| #define HAVE_DECL_HTOBE64 1
| #define HAVE_DECL_BSWAP_16 1
| #define HAVE_DECL_BSWAP_32 1
| #define HAVE_DECL_BSWAP_64 1
| #define HAVE_BUILTIN_CLZL 1
| #define HAVE_BUILTIN_CLZLL 1
| #define HAVE_MALLOC_INFO 1
| #define HAVE_MALLOPT_ARENA_MAX 1
| #define HAVE_POSIX_FALLOCATE 1
| #define HAVE_VISIBILITY_ATTRIBUTE 1
| #define HAVE_THREAD_LOCAL 1
| #define HAVE_GMTIME_R 1
| #define HAVE_SYS_GETRANDOM 1
| #define HAVE_GETENTROPY 1
| #define HAVE_GETENTROPY_RAND 1
| #define HAVE_FDATASYNC 1
| /* end confdefs.h.  */
| #include <fcntl.h>
| int
| main (void)
| {
|  fcntl(0, F_FULLFSYNC, 0);
|   ;
|   return 0;
| }
configure:29163: result: no
configure:29169: checking for O_CLOEXEC
configure:29182: g++ -std=c++14 -c -g -O2 -fno-extended-identifiers  -DHAVE_BUILD_INFO -D__STDC_FORMAT_MACROS conftest.cpp >&5
configure:29182: $? = 0
configure:29184: result: yes
configure:29193: checking for __builtin_prefetch
configure:29210: g++ -std=c++14 -c -g -O2 -fno-extended-identifiers  -DHAVE_BUILD_INFO -D__STDC_FORMAT_MACROS conftest.cpp >&5
configure:29210: $? = 0
configure:29212: result: yes
configure:29221: checking for _mm_prefetch
configure:29238: g++ -std=c++14 -c -g -O2 -fno-extended-identifiers  -DHAVE_BUILD_INFO -D__STDC_FORMAT_MACROS conftest.cpp >&5
configure:29238: $? = 0
configure:29240: result: yes
configure:29249: checking for strong getauxval support in the system headers
configure:29268: g++ -std=c++14 -c -g -O2 -fno-extended-identifiers  -DHAVE_BUILD_INFO -D__STDC_FORMAT_MACROS conftest.cpp >&5
conftest.cpp:74:14: fatal error: arm_acle.h: No such file or directory
   74 |     #include <arm_acle.h>
      |              ^~~~~~~~~~~~
compilation terminated.
configure:29268: $? = 1
configure: failed program was:
| /* confdefs.h */
| #define PACKAGE_NAME "Marsbux Core"
| #define PACKAGE_TARNAME "Marsbux"
| #define PACKAGE_VERSION "0.21.4"
| #define PACKAGE_STRING "Marsbux Core 0.21.4"
| #define PACKAGE_BUGREPORT "https://github.com/marsbux-project/marsbux/issues"
| #define PACKAGE_URL "https://marsbux.org/"
| #define HAVE_CXX14 1
| #define HAVE_STDIO_H 1
| #define HAVE_STDLIB_H 1
| #define HAVE_STRING_H 1
| #define HAVE_INTTYPES_H 1
| #define HAVE_STDINT_H 1
| #define HAVE_STRINGS_H 1
| #define HAVE_SYS_STAT_H 1
| #define HAVE_SYS_TYPES_H 1
| #define HAVE_UNISTD_H 1
| #define STDC_HEADERS 1
| #define HAVE_DLFCN_H 1
| #define LT_OBJDIR ".libs/"
| #define USE_ASM 1
| #define ENABLE_SSE41 1
| #define ENABLE_AVX2 1
| #define ENABLE_SHANI 1
| #define HAVE_PTHREAD_PRIO_INHERIT 1
| #define HAVE_PTHREAD 1
| #define HAVE_DECL_STRERROR_R 1
| #define HAVE_STRERROR_R 1
| #define STRERROR_R_CHAR_P 1
| #define HAVE_FUNC_ATTRIBUTE_VISIBILITY 1
| #define HAVE_ENDIAN_H 1
| #define HAVE_BYTESWAP_H 1
| #define HAVE_STDIO_H 1
| #define HAVE_STDLIB_H 1
| #define HAVE_UNISTD_H 1
| #define HAVE_STRINGS_H 1
| #define HAVE_SYS_TYPES_H 1
| #define HAVE_SYS_STAT_H 1
| #define HAVE_SYS_SELECT_H 1
| #define HAVE_SYS_PRCTL_H 1
| #define HAVE_DECL_GETIFADDRS 1
| #define HAVE_DECL_FREEIFADDRS 1
| #define HAVE_DECL_STRNLEN 1
| #define HAVE_DECL_DAEMON 1
| #define HAVE_DECL_LE16TOH 1
| #define HAVE_DECL_LE32TOH 1
| #define HAVE_DECL_LE64TOH 1
| #define HAVE_DECL_HTOLE16 1
| #define HAVE_DECL_HTOLE32 1
| #define HAVE_DECL_HTOLE64 1
| #define HAVE_DECL_BE16TOH 1
| #define HAVE_DECL_BE32TOH 1
| #define HAVE_DECL_BE64TOH 1
| #define HAVE_DECL_HTOBE16 1
| #define HAVE_DECL_HTOBE32 1
| #define HAVE_DECL_HTOBE64 1
| #define HAVE_DECL_BSWAP_16 1
| #define HAVE_DECL_BSWAP_32 1
| #define HAVE_DECL_BSWAP_64 1
| #define HAVE_BUILTIN_CLZL 1
| #define HAVE_BUILTIN_CLZLL 1
| #define HAVE_MALLOC_INFO 1
| #define HAVE_MALLOPT_ARENA_MAX 1
| #define HAVE_POSIX_FALLOCATE 1
| #define HAVE_VISIBILITY_ATTRIBUTE 1
| #define HAVE_THREAD_LOCAL 1
| #define HAVE_GMTIME_R 1
| #define HAVE_SYS_GETRANDOM 1
| #define HAVE_GETENTROPY 1
| #define HAVE_GETENTROPY_RAND 1
| #define HAVE_FDATASYNC 1
| /* end confdefs.h.  */
| 
|     #include <arm_acle.h>
|     #include <arm_neon.h>
|     #include <sys/auxv.h>
| 
| int
| main (void)
| {
| 
|     getauxval(AT_HWCAP);
| 
|   ;
|   return 0;
| }
configure:29273: result: no
configure:29279: checking for weak getauxval support in the compiler
configure:29297: g++ -std=c++14 -c -g -O2 -fno-extended-identifiers  -DHAVE_BUILD_INFO -D__STDC_FORMAT_MACROS conftest.cpp >&5
configure:29297: $? = 0
configure:29299: result: yes
configure:29349: checking for std::system
configure:29363: g++ -std=c++14 -o conftest -g -O2 -fno-extended-identifiers  -DHAVE_BUILD_INFO -D__STDC_FORMAT_MACROS  conftest.cpp  >&5
configure:29363: $? = 0
configure:29365: result: yes
configure:29377: checking for ::_wsystem
configure:29391: g++ -std=c++14 -o conftest -g -O2 -fno-extended-identifiers  -DHAVE_BUILD_INFO -D__STDC_FORMAT_MACROS  conftest.cpp  >&5
conftest.cpp: In function 'int main()':
conftest.cpp:78:15: error: '::_wsystem' has not been declared
   78 |  int nErr = ::_wsystem("");
      |               ^~~~~~~~
configure:29391: $? = 1
configure: failed program was:
| /* confdefs.h */
| #define PACKAGE_NAME "Marsbux Core"
| #define PACKAGE_TARNAME "Marsbux"
| #define PACKAGE_VERSION "0.21.4"
| #define PACKAGE_STRING "Marsbux Core 0.21.4"
| #define PACKAGE_BUGREPORT "https://github.com/marsbux-project/marsbux/issues"
| #define PACKAGE_URL "https://marsbux.org/"
| #define HAVE_CXX14 1
| #define HAVE_STDIO_H 1
| #define HAVE_STDLIB_H 1
| #define HAVE_STRING_H 1
| #define HAVE_INTTYPES_H 1
| #define HAVE_STDINT_H 1
| #define HAVE_STRINGS_H 1
| #define HAVE_SYS_STAT_H 1
| #define HAVE_SYS_TYPES_H 1
| #define HAVE_UNISTD_H 1
| #define STDC_HEADERS 1
| #define HAVE_DLFCN_H 1
| #define LT_OBJDIR ".libs/"
| #define USE_ASM 1
| #define ENABLE_SSE41 1
| #define ENABLE_AVX2 1
| #define ENABLE_SHANI 1
| #define HAVE_PTHREAD_PRIO_INHERIT 1
| #define HAVE_PTHREAD 1
| #define HAVE_DECL_STRERROR_R 1
| #define HAVE_STRERROR_R 1
| #define STRERROR_R_CHAR_P 1
| #define HAVE_FUNC_ATTRIBUTE_VISIBILITY 1
| #define HAVE_ENDIAN_H 1
| #define HAVE_BYTESWAP_H 1
| #define HAVE_STDIO_H 1
| #define HAVE_STDLIB_H 1
| #define HAVE_UNISTD_H 1
| #define HAVE_STRINGS_H 1
| #define HAVE_SYS_TYPES_H 1
| #define HAVE_SYS_STAT_H 1
| #define HAVE_SYS_SELECT_H 1
| #define HAVE_SYS_PRCTL_H 1
| #define HAVE_DECL_GETIFADDRS 1
| #define HAVE_DECL_FREEIFADDRS 1
| #define HAVE_DECL_STRNLEN 1
| #define HAVE_DECL_DAEMON 1
| #define HAVE_DECL_LE16TOH 1
| #define HAVE_DECL_LE32TOH 1
| #define HAVE_DECL_LE64TOH 1
| #define HAVE_DECL_HTOLE16 1
| #define HAVE_DECL_HTOLE32 1
| #define HAVE_DECL_HTOLE64 1
| #define HAVE_DECL_BE16TOH 1
| #define HAVE_DECL_BE32TOH 1
| #define HAVE_DECL_BE64TOH 1
| #define HAVE_DECL_HTOBE16 1
| #define HAVE_DECL_HTOBE32 1
| #define HAVE_DECL_HTOBE64 1
| #define HAVE_DECL_BSWAP_16 1
| #define HAVE_DECL_BSWAP_32 1
| #define HAVE_DECL_BSWAP_64 1
| #define HAVE_BUILTIN_CLZL 1
| #define HAVE_BUILTIN_CLZLL 1
| #define HAVE_MALLOC_INFO 1
| #define HAVE_MALLOPT_ARENA_MAX 1
| #define HAVE_POSIX_FALLOCATE 1
| #define HAVE_VISIBILITY_ATTRIBUTE 1
| #define HAVE_THREAD_LOCAL 1
| #define HAVE_GMTIME_R 1
| #define HAVE_SYS_GETRANDOM 1
| #define HAVE_GETENTROPY 1
| #define HAVE_GETENTROPY_RAND 1
| #define HAVE_FDATASYNC 1
| #define HAVE_STD__SYSTEM 1
| /* end confdefs.h.  */
| 
| int
| main (void)
| {
|  int nErr = ::_wsystem("");
| 
|   ;
|   return 0;
| }
configure:29398: result: no
configure:32227: checking whether to build Marsbux Core GUI
configure:32261: result: no
configure:32292: checking for Berkeley DB C++ headers
configure:32322: g++ -std=c++14 -c -g -O2 -fno-extended-identifiers  -DHAVE_BUILD_INFO -D__STDC_FORMAT_MACROS conftest.cpp >&5
conftest.cpp:76:18: fatal error: bdb4.8/db_cxx.h: No such file or directory
   76 |         #include <bdb4.8/db_cxx.h>
      |                  ^~~~~~~~~~~~~~~~~
compilation terminated.
configure:32322: $? = 1
configure: failed program was:
| /* confdefs.h */
| #define PACKAGE_NAME "Marsbux Core"
| #define PACKAGE_TARNAME "Marsbux"
| #define PACKAGE_VERSION "0.21.4"
| #define PACKAGE_STRING "Marsbux Core 0.21.4"
| #define PACKAGE_BUGREPORT "https://github.com/marsbux-project/marsbux/issues"
| #define PACKAGE_URL "https://marsbux.org/"
| #define HAVE_CXX14 1
| #define HAVE_STDIO_H 1
| #define HAVE_STDLIB_H 1
| #define HAVE_STRING_H 1
| #define HAVE_INTTYPES_H 1
| #define HAVE_STDINT_H 1
| #define HAVE_STRINGS_H 1
| #define HAVE_SYS_STAT_H 1
| #define HAVE_SYS_TYPES_H 1
| #define HAVE_UNISTD_H 1
| #define STDC_HEADERS 1
| #define HAVE_DLFCN_H 1
| #define LT_OBJDIR ".libs/"
| #define USE_ASM 1
| #define ENABLE_SSE41 1
| #define ENABLE_AVX2 1
| #define ENABLE_SHANI 1
| #define HAVE_PTHREAD_PRIO_INHERIT 1
| #define HAVE_PTHREAD 1
| #define HAVE_DECL_STRERROR_R 1
| #define HAVE_STRERROR_R 1
| #define STRERROR_R_CHAR_P 1
| #define HAVE_FUNC_ATTRIBUTE_VISIBILITY 1
| #define HAVE_ENDIAN_H 1
| #define HAVE_BYTESWAP_H 1
| #define HAVE_STDIO_H 1
| #define HAVE_STDLIB_H 1
| #define HAVE_UNISTD_H 1
| #define HAVE_STRINGS_H 1
| #define HAVE_SYS_TYPES_H 1
| #define HAVE_SYS_STAT_H 1
| #define HAVE_SYS_SELECT_H 1
| #define HAVE_SYS_PRCTL_H 1
| #define HAVE_DECL_GETIFADDRS 1
| #define HAVE_DECL_FREEIFADDRS 1
| #define HAVE_DECL_STRNLEN 1
| #define HAVE_DECL_DAEMON 1
| #define HAVE_DECL_LE16TOH 1
| #define HAVE_DECL_LE32TOH 1
| #define HAVE_DECL_LE64TOH 1
| #define HAVE_DECL_HTOLE16 1
| #define HAVE_DECL_HTOLE32 1
| #define HAVE_DECL_HTOLE64 1
| #define HAVE_DECL_BE16TOH 1
| #define HAVE_DECL_BE32TOH 1
| #define HAVE_DECL_BE64TOH 1
| #define HAVE_DECL_HTOBE16 1
| #define HAVE_DECL_HTOBE32 1
| #define HAVE_DECL_HTOBE64 1
| #define HAVE_DECL_BSWAP_16 1
| #define HAVE_DECL_BSWAP_32 1
| #define HAVE_DECL_BSWAP_64 1
| #define HAVE_BUILTIN_CLZL 1
| #define HAVE_BUILTIN_CLZLL 1
| #define HAVE_MALLOC_INFO 1
| #define HAVE_MALLOPT_ARENA_MAX 1
| #define HAVE_POSIX_FALLOCATE 1
| #define HAVE_VISIBILITY_ATTRIBUTE 1
| #define HAVE_THREAD_LOCAL 1
| #define HAVE_GMTIME_R 1
| #define HAVE_SYS_GETRANDOM 1
| #define HAVE_GETENTROPY 1
| #define HAVE_GETENTROPY_RAND 1
| #define HAVE_FDATASYNC 1
| #define HAVE_STD__SYSTEM 1
| #define HAVE_SYSTEM HAVE_STD__SYSTEM || HAVE_WSYSTEM
| /* end confdefs.h.  */
| 
|         #include <bdb4.8/db_cxx.h>
| 
| int
| main (void)
| {
| 
|         #if !((DB_VERSION_MAJOR == 4 && DB_VERSION_MINOR >= 8) || DB_VERSION_MAJOR > 4)
|           #error "failed to find bdb 4.8+"
|         #endif
| 
|   ;
|   return 0;
| }
configure:32322: g++ -std=c++14 -c -g -O2 -fno-extended-identifiers  -DHAVE_BUILD_INFO -D__STDC_FORMAT_MACROS conftest.cpp >&5
conftest.cpp:76:18: fatal error: libdb4.8/db_cxx.h: No such file or directory
   76 |         #include <libdb4.8/db_cxx.h>
      |                  ^~~~~~~~~~~~~~~~~~~
compilation terminated.
configure:32322: $? = 1
configure: failed program was:
| /* confdefs.h */
| #define PACKAGE_NAME "Marsbux Core"
| #define PACKAGE_TARNAME "Marsbux"
| #define PACKAGE_VERSION "0.21.4"
| #define PACKAGE_STRING "Marsbux Core 0.21.4"
| #define PACKAGE_BUGREPORT "https://github.com/marsbux-project/marsbux/issues"
| #define PACKAGE_URL "https://marsbux.org/"
| #define HAVE_CXX14 1
| #define HAVE_STDIO_H 1
| #define HAVE_STDLIB_H 1
| #define HAVE_STRING_H 1
| #define HAVE_INTTYPES_H 1
| #define HAVE_STDINT_H 1
| #define HAVE_STRINGS_H 1
| #define HAVE_SYS_STAT_H 1
| #define HAVE_SYS_TYPES_H 1
| #define HAVE_UNISTD_H 1
| #define STDC_HEADERS 1
| #define HAVE_DLFCN_H 1
| #define LT_OBJDIR ".libs/"
| #define USE_ASM 1
| #define ENABLE_SSE41 1
| #define ENABLE_AVX2 1
| #define ENABLE_SHANI 1
| #define HAVE_PTHREAD_PRIO_INHERIT 1
| #define HAVE_PTHREAD 1
| #define HAVE_DECL_STRERROR_R 1
| #define HAVE_STRERROR_R 1
| #define STRERROR_R_CHAR_P 1
| #define HAVE_FUNC_ATTRIBUTE_VISIBILITY 1
| #define HAVE_ENDIAN_H 1
| #define HAVE_BYTESWAP_H 1
| #define HAVE_STDIO_H 1
| #define HAVE_STDLIB_H 1
| #define HAVE_UNISTD_H 1
| #define HAVE_STRINGS_H 1
| #define HAVE_SYS_TYPES_H 1
| #define HAVE_SYS_STAT_H 1
| #define HAVE_SYS_SELECT_H 1
| #define HAVE_SYS_PRCTL_H 1
| #define HAVE_DECL_GETIFADDRS 1
| #define HAVE_DECL_FREEIFADDRS 1
| #define HAVE_DECL_STRNLEN 1
| #define HAVE_DECL_DAEMON 1
| #define HAVE_DECL_LE16TOH 1
| #define HAVE_DECL_LE32TOH 1
| #define HAVE_DECL_LE64TOH 1
| #define HAVE_DECL_HTOLE16 1
| #define HAVE_DECL_HTOLE32 1
| #define HAVE_DECL_HTOLE64 1
| #define HAVE_DECL_BE16TOH 1
| #define HAVE_DECL_BE32TOH 1
| #define HAVE_DECL_BE64TOH 1
| #define HAVE_DECL_HTOBE16 1
| #define HAVE_DECL_HTOBE32 1
| #define HAVE_DECL_HTOBE64 1
| #define HAVE_DECL_BSWAP_16 1
| #define HAVE_DECL_BSWAP_32 1
| #define HAVE_DECL_BSWAP_64 1
| #define HAVE_BUILTIN_CLZL 1
| #define HAVE_BUILTIN_CLZLL 1
| #define HAVE_MALLOC_INFO 1
| #define HAVE_MALLOPT_ARENA_MAX 1
| #define HAVE_POSIX_FALLOCATE 1
| #define HAVE_VISIBILITY_ATTRIBUTE 1
| #define HAVE_THREAD_LOCAL 1
| #define HAVE_GMTIME_R 1
| #define HAVE_SYS_GETRANDOM 1
| #define HAVE_GETENTROPY 1
| #define HAVE_GETENTROPY_RAND 1
| #define HAVE_FDATASYNC 1
| #define HAVE_STD__SYSTEM 1
| #define HAVE_SYSTEM HAVE_STD__SYSTEM || HAVE_WSYSTEM
| /* end confdefs.h.  */
| 
|         #include <libdb4.8/db_cxx.h>
| 
| int
| main (void)
| {
| 
|         #if !((DB_VERSION_MAJOR == 4 && DB_VERSION_MINOR >= 8) || DB_VERSION_MAJOR > 4)
|           #error "failed to find bdb 4.8+"
|         #endif
| 
|   ;
|   return 0;
| }
configure:32322: g++ -std=c++14 -c -g -O2 -fno-extended-identifiers  -DHAVE_BUILD_INFO -D__STDC_FORMAT_MACROS conftest.cpp >&5
conftest.cpp:76:18: fatal error: db4.8/db_cxx.h: No such file or directory
   76 |         #include <db4.8/db_cxx.h>
      |                  ^~~~~~~~~~~~~~~~
compilation terminated.
configure:32322: $? = 1
configure: failed program was:
| /* confdefs.h */
| #define PACKAGE_NAME "Marsbux Core"
| #define PACKAGE_TARNAME "Marsbux"
| #define PACKAGE_VERSION "0.21.4"
| #define PACKAGE_STRING "Marsbux Core 0.21.4"
| #define PACKAGE_BUGREPORT "https://github.com/marsbux-project/marsbux/issues"
| #define PACKAGE_URL "https://marsbux.org/"
| #define HAVE_CXX14 1
| #define HAVE_STDIO_H 1
| #define HAVE_STDLIB_H 1
| #define HAVE_STRING_H 1
| #define HAVE_INTTYPES_H 1
| #define HAVE_STDINT_H 1
| #define HAVE_STRINGS_H 1
| #define HAVE_SYS_STAT_H 1
| #define HAVE_SYS_TYPES_H 1
| #define HAVE_UNISTD_H 1
| #define STDC_HEADERS 1
| #define HAVE_DLFCN_H 1
| #define LT_OBJDIR ".libs/"
| #define USE_ASM 1
| #define ENABLE_SSE41 1
| #define ENABLE_AVX2 1
| #define ENABLE_SHANI 1
| #define HAVE_PTHREAD_PRIO_INHERIT 1
| #define HAVE_PTHREAD 1
| #define HAVE_DECL_STRERROR_R 1
| #define HAVE_STRERROR_R 1
| #define STRERROR_R_CHAR_P 1
| #define HAVE_FUNC_ATTRIBUTE_VISIBILITY 1
| #define HAVE_ENDIAN_H 1
| #define HAVE_BYTESWAP_H 1
| #define HAVE_STDIO_H 1
| #define HAVE_STDLIB_H 1
| #define HAVE_UNISTD_H 1
| #define HAVE_STRINGS_H 1
| #define HAVE_SYS_TYPES_H 1
| #define HAVE_SYS_STAT_H 1
| #define HAVE_SYS_SELECT_H 1
| #define HAVE_SYS_PRCTL_H 1
| #define HAVE_DECL_GETIFADDRS 1
| #define HAVE_DECL_FREEIFADDRS 1
| #define HAVE_DECL_STRNLEN 1
| #define HAVE_DECL_DAEMON 1
| #define HAVE_DECL_LE16TOH 1
| #define HAVE_DECL_LE32TOH 1
| #define HAVE_DECL_LE64TOH 1
| #define HAVE_DECL_HTOLE16 1
| #define HAVE_DECL_HTOLE32 1
| #define HAVE_DECL_HTOLE64 1
| #define HAVE_DECL_BE16TOH 1
| #define HAVE_DECL_BE32TOH 1
| #define HAVE_DECL_BE64TOH 1
| #define HAVE_DECL_HTOBE16 1
| #define HAVE_DECL_HTOBE32 1
| #define HAVE_DECL_HTOBE64 1
| #define HAVE_DECL_BSWAP_16 1
| #define HAVE_DECL_BSWAP_32 1
| #define HAVE_DECL_BSWAP_64 1
| #define HAVE_BUILTIN_CLZL 1
| #define HAVE_BUILTIN_CLZLL 1
| #define HAVE_MALLOC_INFO 1
| #define HAVE_MALLOPT_ARENA_MAX 1
| #define HAVE_POSIX_FALLOCATE 1
| #define HAVE_VISIBILITY_ATTRIBUTE 1
| #define HAVE_THREAD_LOCAL 1
| #define HAVE_GMTIME_R 1
| #define HAVE_SYS_GETRANDOM 1
| #define HAVE_GETENTROPY 1
| #define HAVE_GETENTROPY_RAND 1
| #define HAVE_FDATASYNC 1
| #define HAVE_STD__SYSTEM 1
| #define HAVE_SYSTEM HAVE_STD__SYSTEM || HAVE_WSYSTEM
| /* end confdefs.h.  */
| 
|         #include <db4.8/db_cxx.h>
| 
| int
| main (void)
| {
| 
|         #if !((DB_VERSION_MAJOR == 4 && DB_VERSION_MINOR >= 8) || DB_VERSION_MAJOR > 4)
|           #error "failed to find bdb 4.8+"
|         #endif
| 
|   ;
|   return 0;
| }
configure:32322: g++ -std=c++14 -c -g -O2 -fno-extended-identifiers  -DHAVE_BUILD_INFO -D__STDC_FORMAT_MACROS conftest.cpp >&5
conftest.cpp:76:18: fatal error: bdb48/db_cxx.h: No such file or directory
   76 |         #include <bdb48/db_cxx.h>
      |                  ^~~~~~~~~~~~~~~~
compilation terminated.
configure:32322: $? = 1
configure: failed program was:
| /* confdefs.h */
| #define PACKAGE_NAME "Marsbux Core"
| #define PACKAGE_TARNAME "Marsbux"
| #define PACKAGE_VERSION "0.21.4"
| #define PACKAGE_STRING "Marsbux Core 0.21.4"
| #define PACKAGE_BUGREPORT "https://github.com/marsbux-project/marsbux/issues"
| #define PACKAGE_URL "https://marsbux.org/"
| #define HAVE_CXX14 1
| #define HAVE_STDIO_H 1
| #define HAVE_STDLIB_H 1
| #define HAVE_STRING_H 1
| #define HAVE_INTTYPES_H 1
| #define HAVE_STDINT_H 1
| #define HAVE_STRINGS_H 1
| #define HAVE_SYS_STAT_H 1
| #define HAVE_SYS_TYPES_H 1
| #define HAVE_UNISTD_H 1
| #define STDC_HEADERS 1
| #define HAVE_DLFCN_H 1
| #define LT_OBJDIR ".libs/"
| #define USE_ASM 1
| #define ENABLE_SSE41 1
| #define ENABLE_AVX2 1
| #define ENABLE_SHANI 1
| #define HAVE_PTHREAD_PRIO_INHERIT 1
| #define HAVE_PTHREAD 1
| #define HAVE_DECL_STRERROR_R 1
| #define HAVE_STRERROR_R 1
| #define STRERROR_R_CHAR_P 1
| #define HAVE_FUNC_ATTRIBUTE_VISIBILITY 1
| #define HAVE_ENDIAN_H 1
| #define HAVE_BYTESWAP_H 1
| #define HAVE_STDIO_H 1
| #define HAVE_STDLIB_H 1
| #define HAVE_UNISTD_H 1
| #define HAVE_STRINGS_H 1
| #define HAVE_SYS_TYPES_H 1
| #define HAVE_SYS_STAT_H 1
| #define HAVE_SYS_SELECT_H 1
| #define HAVE_SYS_PRCTL_H 1
| #define HAVE_DECL_GETIFADDRS 1
| #define HAVE_DECL_FREEIFADDRS 1
| #define HAVE_DECL_STRNLEN 1
| #define HAVE_DECL_DAEMON 1
| #define HAVE_DECL_LE16TOH 1
| #define HAVE_DECL_LE32TOH 1
| #define HAVE_DECL_LE64TOH 1
| #define HAVE_DECL_HTOLE16 1
| #define HAVE_DECL_HTOLE32 1
| #define HAVE_DECL_HTOLE64 1
| #define HAVE_DECL_BE16TOH 1
| #define HAVE_DECL_BE32TOH 1
| #define HAVE_DECL_BE64TOH 1
| #define HAVE_DECL_HTOBE16 1
| #define HAVE_DECL_HTOBE32 1
| #define HAVE_DECL_HTOBE64 1
| #define HAVE_DECL_BSWAP_16 1
| #define HAVE_DECL_BSWAP_32 1
| #define HAVE_DECL_BSWAP_64 1
| #define HAVE_BUILTIN_CLZL 1
| #define HAVE_BUILTIN_CLZLL 1
| #define HAVE_MALLOC_INFO 1
| #define HAVE_MALLOPT_ARENA_MAX 1
| #define HAVE_POSIX_FALLOCATE 1
| #define HAVE_VISIBILITY_ATTRIBUTE 1
| #define HAVE_THREAD_LOCAL 1
| #define HAVE_GMTIME_R 1
| #define HAVE_SYS_GETRANDOM 1
| #define HAVE_GETENTROPY 1
| #define HAVE_GETENTROPY_RAND 1
| #define HAVE_FDATASYNC 1
| #define HAVE_STD__SYSTEM 1
| #define HAVE_SYSTEM HAVE_STD__SYSTEM || HAVE_WSYSTEM
| /* end confdefs.h.  */
| 
|         #include <bdb48/db_cxx.h>
| 
| int
| main (void)
| {
| 
|         #if !((DB_VERSION_MAJOR == 4 && DB_VERSION_MINOR >= 8) || DB_VERSION_MAJOR > 4)
|           #error "failed to find bdb 4.8+"
|         #endif
| 
|   ;
|   return 0;
| }
configure:32322: g++ -std=c++14 -c -g -O2 -fno-extended-identifiers  -DHAVE_BUILD_INFO -D__STDC_FORMAT_MACROS conftest.cpp >&5
conftest.cpp:76:18: fatal error: libdb48/db_cxx.h: No such file or directory
   76 |         #include <libdb48/db_cxx.h>
      |                  ^~~~~~~~~~~~~~~~~~
compilation terminated.
configure:32322: $? = 1
configure: failed program was:
| /* confdefs.h */
| #define PACKAGE_NAME "Marsbux Core"
| #define PACKAGE_TARNAME "Marsbux"
| #define PACKAGE_VERSION "0.21.4"
| #define PACKAGE_STRING "Marsbux Core 0.21.4"
| #define PACKAGE_BUGREPORT "https://github.com/marsbux-project/marsbux/issues"
| #define PACKAGE_URL "https://marsbux.org/"
| #define HAVE_CXX14 1
| #define HAVE_STDIO_H 1
| #define HAVE_STDLIB_H 1
| #define HAVE_STRING_H 1
| #define HAVE_INTTYPES_H 1
| #define HAVE_STDINT_H 1
| #define HAVE_STRINGS_H 1
| #define HAVE_SYS_STAT_H 1
| #define HAVE_SYS_TYPES_H 1
| #define HAVE_UNISTD_H 1
| #define STDC_HEADERS 1
| #define HAVE_DLFCN_H 1
| #define LT_OBJDIR ".libs/"
| #define USE_ASM 1
| #define ENABLE_SSE41 1
| #define ENABLE_AVX2 1
| #define ENABLE_SHANI 1
| #define HAVE_PTHREAD_PRIO_INHERIT 1
| #define HAVE_PTHREAD 1
| #define HAVE_DECL_STRERROR_R 1
| #define HAVE_STRERROR_R 1
| #define STRERROR_R_CHAR_P 1
| #define HAVE_FUNC_ATTRIBUTE_VISIBILITY 1
| #define HAVE_ENDIAN_H 1
| #define HAVE_BYTESWAP_H 1
| #define HAVE_STDIO_H 1
| #define HAVE_STDLIB_H 1
| #define HAVE_UNISTD_H 1
| #define HAVE_STRINGS_H 1
| #define HAVE_SYS_TYPES_H 1
| #define HAVE_SYS_STAT_H 1
| #define HAVE_SYS_SELECT_H 1
| #define HAVE_SYS_PRCTL_H 1
| #define HAVE_DECL_GETIFADDRS 1
| #define HAVE_DECL_FREEIFADDRS 1
| #define HAVE_DECL_STRNLEN 1
| #define HAVE_DECL_DAEMON 1
| #define HAVE_DECL_LE16TOH 1
| #define HAVE_DECL_LE32TOH 1
| #define HAVE_DECL_LE64TOH 1
| #define HAVE_DECL_HTOLE16 1
| #define HAVE_DECL_HTOLE32 1
| #define HAVE_DECL_HTOLE64 1
| #define HAVE_DECL_BE16TOH 1
| #define HAVE_DECL_BE32TOH 1
| #define HAVE_DECL_BE64TOH 1
| #define HAVE_DECL_HTOBE16 1
| #define HAVE_DECL_HTOBE32 1
| #define HAVE_DECL_HTOBE64 1
| #define HAVE_DECL_BSWAP_16 1
| #define HAVE_DECL_BSWAP_32 1
| #define HAVE_DECL_BSWAP_64 1
| #define HAVE_BUILTIN_CLZL 1
| #define HAVE_BUILTIN_CLZLL 1
| #define HAVE_MALLOC_INFO 1
| #define HAVE_MALLOPT_ARENA_MAX 1
| #define HAVE_POSIX_FALLOCATE 1
| #define HAVE_VISIBILITY_ATTRIBUTE 1
| #define HAVE_THREAD_LOCAL 1
| #define HAVE_GMTIME_R 1
| #define HAVE_SYS_GETRANDOM 1
| #define HAVE_GETENTROPY 1
| #define HAVE_GETENTROPY_RAND 1
| #define HAVE_FDATASYNC 1
| #define HAVE_STD__SYSTEM 1
| #define HAVE_SYSTEM HAVE_STD__SYSTEM || HAVE_WSYSTEM
| /* end confdefs.h.  */
| 
|         #include <libdb48/db_cxx.h>
| 
| int
| main (void)
| {
| 
|         #if !((DB_VERSION_MAJOR == 4 && DB_VERSION_MINOR >= 8) || DB_VERSION_MAJOR > 4)
|           #error "failed to find bdb 4.8+"
|         #endif
| 
|   ;
|   return 0;
| }
configure:32322: g++ -std=c++14 -c -g -O2 -fno-extended-identifiers  -DHAVE_BUILD_INFO -D__STDC_FORMAT_MACROS conftest.cpp >&5
conftest.cpp:76:18: fatal error: db48/db_cxx.h: No such file or directory
   76 |         #include <db48/db_cxx.h>
      |                  ^~~~~~~~~~~~~~~
compilation terminated.
configure:32322: $? = 1
configure: failed program was:
| /* confdefs.h */
| #define PACKAGE_NAME "Marsbux Core"
| #define PACKAGE_TARNAME "Marsbux"
| #define PACKAGE_VERSION "0.21.4"
| #define PACKAGE_STRING "Marsbux Core 0.21.4"
| #define PACKAGE_BUGREPORT "https://github.com/marsbux-project/marsbux/issues"
| #define PACKAGE_URL "https://marsbux.org/"
| #define HAVE_CXX14 1
| #define HAVE_STDIO_H 1
| #define HAVE_STDLIB_H 1
| #define HAVE_STRING_H 1
| #define HAVE_INTTYPES_H 1
| #define HAVE_STDINT_H 1
| #define HAVE_STRINGS_H 1
| #define HAVE_SYS_STAT_H 1
| #define HAVE_SYS_TYPES_H 1
| #define HAVE_UNISTD_H 1
| #define STDC_HEADERS 1
| #define HAVE_DLFCN_H 1
| #define LT_OBJDIR ".libs/"
| #define USE_ASM 1
| #define ENABLE_SSE41 1
| #define ENABLE_AVX2 1
| #define ENABLE_SHANI 1
| #define HAVE_PTHREAD_PRIO_INHERIT 1
| #define HAVE_PTHREAD 1
| #define HAVE_DECL_STRERROR_R 1
| #define HAVE_STRERROR_R 1
| #define STRERROR_R_CHAR_P 1
| #define HAVE_FUNC_ATTRIBUTE_VISIBILITY 1
| #define HAVE_ENDIAN_H 1
| #define HAVE_BYTESWAP_H 1
| #define HAVE_STDIO_H 1
| #define HAVE_STDLIB_H 1
| #define HAVE_UNISTD_H 1
| #define HAVE_STRINGS_H 1
| #define HAVE_SYS_TYPES_H 1
| #define HAVE_SYS_STAT_H 1
| #define HAVE_SYS_SELECT_H 1
| #define HAVE_SYS_PRCTL_H 1
| #define HAVE_DECL_GETIFADDRS 1
| #define HAVE_DECL_FREEIFADDRS 1
| #define HAVE_DECL_STRNLEN 1
| #define HAVE_DECL_DAEMON 1
| #define HAVE_DECL_LE16TOH 1
| #define HAVE_DECL_LE32TOH 1
| #define HAVE_DECL_LE64TOH 1
| #define HAVE_DECL_HTOLE16 1
| #define HAVE_DECL_HTOLE32 1
| #define HAVE_DECL_HTOLE64 1
| #define HAVE_DECL_BE16TOH 1
| #define HAVE_DECL_BE32TOH 1
| #define HAVE_DECL_BE64TOH 1
| #define HAVE_DECL_HTOBE16 1
| #define HAVE_DECL_HTOBE32 1
| #define HAVE_DECL_HTOBE64 1
| #define HAVE_DECL_BSWAP_16 1
| #define HAVE_DECL_BSWAP_32 1
| #define HAVE_DECL_BSWAP_64 1
| #define HAVE_BUILTIN_CLZL 1
| #define HAVE_BUILTIN_CLZLL 1
| #define HAVE_MALLOC_INFO 1
| #define HAVE_MALLOPT_ARENA_MAX 1
| #define HAVE_POSIX_FALLOCATE 1
| #define HAVE_VISIBILITY_ATTRIBUTE 1
| #define HAVE_THREAD_LOCAL 1
| #define HAVE_GMTIME_R 1
| #define HAVE_SYS_GETRANDOM 1
| #define HAVE_GETENTROPY 1
| #define HAVE_GETENTROPY_RAND 1
| #define HAVE_FDATASYNC 1
| #define HAVE_STD__SYSTEM 1
| #define HAVE_SYSTEM HAVE_STD__SYSTEM || HAVE_WSYSTEM
| /* end confdefs.h.  */
| 
|         #include <db48/db_cxx.h>
| 
| int
| main (void)
| {
| 
|         #if !((DB_VERSION_MAJOR == 4 && DB_VERSION_MINOR >= 8) || DB_VERSION_MAJOR > 4)
|           #error "failed to find bdb 4.8+"
|         #endif
| 
|   ;
|   return 0;
| }
configure:32322: g++ -std=c++14 -c -g -O2 -fno-extended-identifiers  -DHAVE_BUILD_INFO -D__STDC_FORMAT_MACROS conftest.cpp >&5
conftest.cpp:76:18: fatal error: bdb4/db_cxx.h: No such file or directory
   76 |         #include <bdb4/db_cxx.h>
      |                  ^~~~~~~~~~~~~~~
compilation terminated.
configure:32322: $? = 1
configure: failed program was:
| /* confdefs.h */
| #define PACKAGE_NAME "Marsbux Core"
| #define PACKAGE_TARNAME "Marsbux"
| #define PACKAGE_VERSION "0.21.4"
| #define PACKAGE_STRING "Marsbux Core 0.21.4"
| #define PACKAGE_BUGREPORT "https://github.com/marsbux-project/marsbux/issues"
| #define PACKAGE_URL "https://marsbux.org/"
| #define HAVE_CXX14 1
| #define HAVE_STDIO_H 1
| #define HAVE_STDLIB_H 1
| #define HAVE_STRING_H 1
| #define HAVE_INTTYPES_H 1
| #define HAVE_STDINT_H 1
| #define HAVE_STRINGS_H 1
| #define HAVE_SYS_STAT_H 1
| #define HAVE_SYS_TYPES_H 1
| #define HAVE_UNISTD_H 1
| #define STDC_HEADERS 1
| #define HAVE_DLFCN_H 1
| #define LT_OBJDIR ".libs/"
| #define USE_ASM 1
| #define ENABLE_SSE41 1
| #define ENABLE_AVX2 1
| #define ENABLE_SHANI 1
| #define HAVE_PTHREAD_PRIO_INHERIT 1
| #define HAVE_PTHREAD 1
| #define HAVE_DECL_STRERROR_R 1
| #define HAVE_STRERROR_R 1
| #define STRERROR_R_CHAR_P 1
| #define HAVE_FUNC_ATTRIBUTE_VISIBILITY 1
| #define HAVE_ENDIAN_H 1
| #define HAVE_BYTESWAP_H 1
| #define HAVE_STDIO_H 1
| #define HAVE_STDLIB_H 1
| #define HAVE_UNISTD_H 1
| #define HAVE_STRINGS_H 1
| #define HAVE_SYS_TYPES_H 1
| #define HAVE_SYS_STAT_H 1
| #define HAVE_SYS_SELECT_H 1
| #define HAVE_SYS_PRCTL_H 1
| #define HAVE_DECL_GETIFADDRS 1
| #define HAVE_DECL_FREEIFADDRS 1
| #define HAVE_DECL_STRNLEN 1
| #define HAVE_DECL_DAEMON 1
| #define HAVE_DECL_LE16TOH 1
| #define HAVE_DECL_LE32TOH 1
| #define HAVE_DECL_LE64TOH 1
| #define HAVE_DECL_HTOLE16 1
| #define HAVE_DECL_HTOLE32 1
| #define HAVE_DECL_HTOLE64 1
| #define HAVE_DECL_BE16TOH 1
| #define HAVE_DECL_BE32TOH 1
| #define HAVE_DECL_BE64TOH 1
| #define HAVE_DECL_HTOBE16 1
| #define HAVE_DECL_HTOBE32 1
| #define HAVE_DECL_HTOBE64 1
| #define HAVE_DECL_BSWAP_16 1
| #define HAVE_DECL_BSWAP_32 1
| #define HAVE_DECL_BSWAP_64 1
| #define HAVE_BUILTIN_CLZL 1
| #define HAVE_BUILTIN_CLZLL 1
| #define HAVE_MALLOC_INFO 1
| #define HAVE_MALLOPT_ARENA_MAX 1
| #define HAVE_POSIX_FALLOCATE 1
| #define HAVE_VISIBILITY_ATTRIBUTE 1
| #define HAVE_THREAD_LOCAL 1
| #define HAVE_GMTIME_R 1
| #define HAVE_SYS_GETRANDOM 1
| #define HAVE_GETENTROPY 1
| #define HAVE_GETENTROPY_RAND 1
| #define HAVE_FDATASYNC 1
| #define HAVE_STD__SYSTEM 1
| #define HAVE_SYSTEM HAVE_STD__SYSTEM || HAVE_WSYSTEM
| /* end confdefs.h.  */
| 
|         #include <bdb4/db_cxx.h>
| 
| int
| main (void)
| {
| 
|         #if !((DB_VERSION_MAJOR == 4 && DB_VERSION_MINOR >= 8) || DB_VERSION_MAJOR > 4)
|           #error "failed to find bdb 4.8+"
|         #endif
| 
|   ;
|   return 0;
| }
configure:32322: g++ -std=c++14 -c -g -O2 -fno-extended-identifiers  -DHAVE_BUILD_INFO -D__STDC_FORMAT_MACROS conftest.cpp >&5
conftest.cpp:76:18: fatal error: libdb4/db_cxx.h: No such file or directory
   76 |         #include <libdb4/db_cxx.h>
      |                  ^~~~~~~~~~~~~~~~~
compilation terminated.
configure:32322: $? = 1
configure: failed program was:
| /* confdefs.h */
| #define PACKAGE_NAME "Marsbux Core"
| #define PACKAGE_TARNAME "Marsbux"
| #define PACKAGE_VERSION "0.21.4"
| #define PACKAGE_STRING "Marsbux Core 0.21.4"
| #define PACKAGE_BUGREPORT "https://github.com/marsbux-project/marsbux/issues"
| #define PACKAGE_URL "https://marsbux.org/"
| #define HAVE_CXX14 1
| #define HAVE_STDIO_H 1
| #define HAVE_STDLIB_H 1
| #define HAVE_STRING_H 1
| #define HAVE_INTTYPES_H 1
| #define HAVE_STDINT_H 1
| #define HAVE_STRINGS_H 1
| #define HAVE_SYS_STAT_H 1
| #define HAVE_SYS_TYPES_H 1
| #define HAVE_UNISTD_H 1
| #define STDC_HEADERS 1
| #define HAVE_DLFCN_H 1
| #define LT_OBJDIR ".libs/"
| #define USE_ASM 1
| #define ENABLE_SSE41 1
| #define ENABLE_AVX2 1
| #define ENABLE_SHANI 1
| #define HAVE_PTHREAD_PRIO_INHERIT 1
| #define HAVE_PTHREAD 1
| #define HAVE_DECL_STRERROR_R 1
| #define HAVE_STRERROR_R 1
| #define STRERROR_R_CHAR_P 1
| #define HAVE_FUNC_ATTRIBUTE_VISIBILITY 1
| #define HAVE_ENDIAN_H 1
| #define HAVE_BYTESWAP_H 1
| #define HAVE_STDIO_H 1
| #define HAVE_STDLIB_H 1
| #define HAVE_UNISTD_H 1
| #define HAVE_STRINGS_H 1
| #define HAVE_SYS_TYPES_H 1
| #define HAVE_SYS_STAT_H 1
| #define HAVE_SYS_SELECT_H 1
| #define HAVE_SYS_PRCTL_H 1
| #define HAVE_DECL_GETIFADDRS 1
| #define HAVE_DECL_FREEIFADDRS 1
| #define HAVE_DECL_STRNLEN 1
| #define HAVE_DECL_DAEMON 1
| #define HAVE_DECL_LE16TOH 1
| #define HAVE_DECL_LE32TOH 1
| #define HAVE_DECL_LE64TOH 1
| #define HAVE_DECL_HTOLE16 1
| #define HAVE_DECL_HTOLE32 1
| #define HAVE_DECL_HTOLE64 1
| #define HAVE_DECL_BE16TOH 1
| #define HAVE_DECL_BE32TOH 1
| #define HAVE_DECL_BE64TOH 1
| #define HAVE_DECL_HTOBE16 1
| #define HAVE_DECL_HTOBE32 1
| #define HAVE_DECL_HTOBE64 1
| #define HAVE_DECL_BSWAP_16 1
| #define HAVE_DECL_BSWAP_32 1
| #define HAVE_DECL_BSWAP_64 1
| #define HAVE_BUILTIN_CLZL 1
| #define HAVE_BUILTIN_CLZLL 1
| #define HAVE_MALLOC_INFO 1
| #define HAVE_MALLOPT_ARENA_MAX 1
| #define HAVE_POSIX_FALLOCATE 1
| #define HAVE_VISIBILITY_ATTRIBUTE 1
| #define HAVE_THREAD_LOCAL 1
| #define HAVE_GMTIME_R 1
| #define HAVE_SYS_GETRANDOM 1
| #define HAVE_GETENTROPY 1
| #define HAVE_GETENTROPY_RAND 1
| #define HAVE_FDATASYNC 1
| #define HAVE_STD__SYSTEM 1
| #define HAVE_SYSTEM HAVE_STD__SYSTEM || HAVE_WSYSTEM
| /* end confdefs.h.  */
| 
|         #include <libdb4/db_cxx.h>
| 
| int
| main (void)
| {
| 
|         #if !((DB_VERSION_MAJOR == 4 && DB_VERSION_MINOR >= 8) || DB_VERSION_MAJOR > 4)
|           #error "failed to find bdb 4.8+"
|         #endif
| 
|   ;
|   return 0;
| }
configure:32322: g++ -std=c++14 -c -g -O2 -fno-extended-identifiers  -DHAVE_BUILD_INFO -D__STDC_FORMAT_MACROS conftest.cpp >&5
conftest.cpp:76:18: fatal error: db4/db_cxx.h: No such file or directory
   76 |         #include <db4/db_cxx.h>
      |                  ^~~~~~~~~~~~~~
compilation terminated.
configure:32322: $? = 1
configure: failed program was:
| /* confdefs.h */
| #define PACKAGE_NAME "Marsbux Core"
| #define PACKAGE_TARNAME "Marsbux"
| #define PACKAGE_VERSION "0.21.4"
| #define PACKAGE_STRING "Marsbux Core 0.21.4"
| #define PACKAGE_BUGREPORT "https://github.com/marsbux-project/marsbux/issues"
| #define PACKAGE_URL "https://marsbux.org/"
| #define HAVE_CXX14 1
| #define HAVE_STDIO_H 1
| #define HAVE_STDLIB_H 1
| #define HAVE_STRING_H 1
| #define HAVE_INTTYPES_H 1
| #define HAVE_STDINT_H 1
| #define HAVE_STRINGS_H 1
| #define HAVE_SYS_STAT_H 1
| #define HAVE_SYS_TYPES_H 1
| #define HAVE_UNISTD_H 1
| #define STDC_HEADERS 1
| #define HAVE_DLFCN_H 1
| #define LT_OBJDIR ".libs/"
| #define USE_ASM 1
| #define ENABLE_SSE41 1
| #define ENABLE_AVX2 1
| #define ENABLE_SHANI 1
| #define HAVE_PTHREAD_PRIO_INHERIT 1
| #define HAVE_PTHREAD 1
| #define HAVE_DECL_STRERROR_R 1
| #define HAVE_STRERROR_R 1
| #define STRERROR_R_CHAR_P 1
| #define HAVE_FUNC_ATTRIBUTE_VISIBILITY 1
| #define HAVE_ENDIAN_H 1
| #define HAVE_BYTESWAP_H 1
| #define HAVE_STDIO_H 1
| #define HAVE_STDLIB_H 1
| #define HAVE_UNISTD_H 1
| #define HAVE_STRINGS_H 1
| #define HAVE_SYS_TYPES_H 1
| #define HAVE_SYS_STAT_H 1
| #define HAVE_SYS_SELECT_H 1
| #define HAVE_SYS_PRCTL_H 1
| #define HAVE_DECL_GETIFADDRS 1
| #define HAVE_DECL_FREEIFADDRS 1
| #define HAVE_DECL_STRNLEN 1
| #define HAVE_DECL_DAEMON 1
| #define HAVE_DECL_LE16TOH 1
| #define HAVE_DECL_LE32TOH 1
| #define HAVE_DECL_LE64TOH 1
| #define HAVE_DECL_HTOLE16 1
| #define HAVE_DECL_HTOLE32 1
| #define HAVE_DECL_HTOLE64 1
| #define HAVE_DECL_BE16TOH 1
| #define HAVE_DECL_BE32TOH 1
| #define HAVE_DECL_BE64TOH 1
| #define HAVE_DECL_HTOBE16 1
| #define HAVE_DECL_HTOBE32 1
| #define HAVE_DECL_HTOBE64 1
| #define HAVE_DECL_BSWAP_16 1
| #define HAVE_DECL_BSWAP_32 1
| #define HAVE_DECL_BSWAP_64 1
| #define HAVE_BUILTIN_CLZL 1
| #define HAVE_BUILTIN_CLZLL 1
| #define HAVE_MALLOC_INFO 1
| #define HAVE_MALLOPT_ARENA_MAX 1
| #define HAVE_POSIX_FALLOCATE 1
| #define HAVE_VISIBILITY_ATTRIBUTE 1
| #define HAVE_THREAD_LOCAL 1
| #define HAVE_GMTIME_R 1
| #define HAVE_SYS_GETRANDOM 1
| #define HAVE_GETENTROPY 1
| #define HAVE_GETENTROPY_RAND 1
| #define HAVE_FDATASYNC 1
| #define HAVE_STD__SYSTEM 1
| #define HAVE_SYSTEM HAVE_STD__SYSTEM || HAVE_WSYSTEM
| /* end confdefs.h.  */
| 
|         #include <db4/db_cxx.h>
| 
| int
| main (void)
| {
| 
|         #if !((DB_VERSION_MAJOR == 4 && DB_VERSION_MINOR >= 8) || DB_VERSION_MAJOR > 4)
|           #error "failed to find bdb 4.8+"
|         #endif
| 
|   ;
|   return 0;
| }
configure:32322: g++ -std=c++14 -c -g -O2 -fno-extended-identifiers  -DHAVE_BUILD_INFO -D__STDC_FORMAT_MACROS conftest.cpp >&5
conftest.cpp:76:18: fatal error: bdb5/db_cxx.h: No such file or directory
   76 |         #include <bdb5/db_cxx.h>
      |                  ^~~~~~~~~~~~~~~
compilation terminated.
configure:32322: $? = 1
configure: failed program was:
| /* confdefs.h */
| #define PACKAGE_NAME "Marsbux Core"
| #define PACKAGE_TARNAME "Marsbux"
| #define PACKAGE_VERSION "0.21.4"
| #define PACKAGE_STRING "Marsbux Core 0.21.4"
| #define PACKAGE_BUGREPORT "https://github.com/marsbux-project/marsbux/issues"
| #define PACKAGE_URL "https://marsbux.org/"
| #define HAVE_CXX14 1
| #define HAVE_STDIO_H 1
| #define HAVE_STDLIB_H 1
| #define HAVE_STRING_H 1
| #define HAVE_INTTYPES_H 1
| #define HAVE_STDINT_H 1
| #define HAVE_STRINGS_H 1
| #define HAVE_SYS_STAT_H 1
| #define HAVE_SYS_TYPES_H 1
| #define HAVE_UNISTD_H 1
| #define STDC_HEADERS 1
| #define HAVE_DLFCN_H 1
| #define LT_OBJDIR ".libs/"
| #define USE_ASM 1
| #define ENABLE_SSE41 1
| #define ENABLE_AVX2 1
| #define ENABLE_SHANI 1
| #define HAVE_PTHREAD_PRIO_INHERIT 1
| #define HAVE_PTHREAD 1
| #define HAVE_DECL_STRERROR_R 1
| #define HAVE_STRERROR_R 1
| #define STRERROR_R_CHAR_P 1
| #define HAVE_FUNC_ATTRIBUTE_VISIBILITY 1
| #define HAVE_ENDIAN_H 1
| #define HAVE_BYTESWAP_H 1
| #define HAVE_STDIO_H 1
| #define HAVE_STDLIB_H 1
| #define HAVE_UNISTD_H 1
| #define HAVE_STRINGS_H 1
| #define HAVE_SYS_TYPES_H 1
| #define HAVE_SYS_STAT_H 1
| #define HAVE_SYS_SELECT_H 1
| #define HAVE_SYS_PRCTL_H 1
| #define HAVE_DECL_GETIFADDRS 1
| #define HAVE_DECL_FREEIFADDRS 1
| #define HAVE_DECL_STRNLEN 1
| #define HAVE_DECL_DAEMON 1
| #define HAVE_DECL_LE16TOH 1
| #define HAVE_DECL_LE32TOH 1
| #define HAVE_DECL_LE64TOH 1
| #define HAVE_DECL_HTOLE16 1
| #define HAVE_DECL_HTOLE32 1
| #define HAVE_DECL_HTOLE64 1
| #define HAVE_DECL_BE16TOH 1
| #define HAVE_DECL_BE32TOH 1
| #define HAVE_DECL_BE64TOH 1
| #define HAVE_DECL_HTOBE16 1
| #define HAVE_DECL_HTOBE32 1
| #define HAVE_DECL_HTOBE64 1
| #define HAVE_DECL_BSWAP_16 1
| #define HAVE_DECL_BSWAP_32 1
| #define HAVE_DECL_BSWAP_64 1
| #define HAVE_BUILTIN_CLZL 1
| #define HAVE_BUILTIN_CLZLL 1
| #define HAVE_MALLOC_INFO 1
| #define HAVE_MALLOPT_ARENA_MAX 1
| #define HAVE_POSIX_FALLOCATE 1
| #define HAVE_VISIBILITY_ATTRIBUTE 1
| #define HAVE_THREAD_LOCAL 1
| #define HAVE_GMTIME_R 1
| #define HAVE_SYS_GETRANDOM 1
| #define HAVE_GETENTROPY 1
| #define HAVE_GETENTROPY_RAND 1
| #define HAVE_FDATASYNC 1
| #define HAVE_STD__SYSTEM 1
| #define HAVE_SYSTEM HAVE_STD__SYSTEM || HAVE_WSYSTEM
| /* end confdefs.h.  */
| 
|         #include <bdb5/db_cxx.h>
| 
| int
| main (void)
| {
| 
|         #if !((DB_VERSION_MAJOR == 4 && DB_VERSION_MINOR >= 8) || DB_VERSION_MAJOR > 4)
|           #error "failed to find bdb 4.8+"
|         #endif
| 
|   ;
|   return 0;
| }
configure:32322: g++ -std=c++14 -c -g -O2 -fno-extended-identifiers  -DHAVE_BUILD_INFO -D__STDC_FORMAT_MACROS conftest.cpp >&5
conftest.cpp:76:18: fatal error: libdb5/db_cxx.h: No such file or directory
   76 |         #include <libdb5/db_cxx.h>
      |                  ^~~~~~~~~~~~~~~~~
compilation terminated.
configure:32322: $? = 1
configure: failed program was:
| /* confdefs.h */
| #define PACKAGE_NAME "Marsbux Core"
| #define PACKAGE_TARNAME "Marsbux"
| #define PACKAGE_VERSION "0.21.4"
| #define PACKAGE_STRING "Marsbux Core 0.21.4"
| #define PACKAGE_BUGREPORT "https://github.com/marsbux-project/marsbux/issues"
| #define PACKAGE_URL "https://marsbux.org/"
| #define HAVE_CXX14 1
| #define HAVE_STDIO_H 1
| #define HAVE_STDLIB_H 1
| #define HAVE_STRING_H 1
| #define HAVE_INTTYPES_H 1
| #define HAVE_STDINT_H 1
| #define HAVE_STRINGS_H 1
| #define HAVE_SYS_STAT_H 1
| #define HAVE_SYS_TYPES_H 1
| #define HAVE_UNISTD_H 1
| #define STDC_HEADERS 1
| #define HAVE_DLFCN_H 1
| #define LT_OBJDIR ".libs/"
| #define USE_ASM 1
| #define ENABLE_SSE41 1
| #define ENABLE_AVX2 1
| #define ENABLE_SHANI 1
| #define HAVE_PTHREAD_PRIO_INHERIT 1
| #define HAVE_PTHREAD 1
| #define HAVE_DECL_STRERROR_R 1
| #define HAVE_STRERROR_R 1
| #define STRERROR_R_CHAR_P 1
| #define HAVE_FUNC_ATTRIBUTE_VISIBILITY 1
| #define HAVE_ENDIAN_H 1
| #define HAVE_BYTESWAP_H 1
| #define HAVE_STDIO_H 1
| #define HAVE_STDLIB_H 1
| #define HAVE_UNISTD_H 1
| #define HAVE_STRINGS_H 1
| #define HAVE_SYS_TYPES_H 1
| #define HAVE_SYS_STAT_H 1
| #define HAVE_SYS_SELECT_H 1
| #define HAVE_SYS_PRCTL_H 1
| #define HAVE_DECL_GETIFADDRS 1
| #define HAVE_DECL_FREEIFADDRS 1
| #define HAVE_DECL_STRNLEN 1
| #define HAVE_DECL_DAEMON 1
| #define HAVE_DECL_LE16TOH 1
| #define HAVE_DECL_LE32TOH 1
| #define HAVE_DECL_LE64TOH 1
| #define HAVE_DECL_HTOLE16 1
| #define HAVE_DECL_HTOLE32 1
| #define HAVE_DECL_HTOLE64 1
| #define HAVE_DECL_BE16TOH 1
| #define HAVE_DECL_BE32TOH 1
| #define HAVE_DECL_BE64TOH 1
| #define HAVE_DECL_HTOBE16 1
| #define HAVE_DECL_HTOBE32 1
| #define HAVE_DECL_HTOBE64 1
| #define HAVE_DECL_BSWAP_16 1
| #define HAVE_DECL_BSWAP_32 1
| #define HAVE_DECL_BSWAP_64 1
| #define HAVE_BUILTIN_CLZL 1
| #define HAVE_BUILTIN_CLZLL 1
| #define HAVE_MALLOC_INFO 1
| #define HAVE_MALLOPT_ARENA_MAX 1
| #define HAVE_POSIX_FALLOCATE 1
| #define HAVE_VISIBILITY_ATTRIBUTE 1
| #define HAVE_THREAD_LOCAL 1
| #define HAVE_GMTIME_R 1
| #define HAVE_SYS_GETRANDOM 1
| #define HAVE_GETENTROPY 1
| #define HAVE_GETENTROPY_RAND 1
| #define HAVE_FDATASYNC 1
| #define HAVE_STD__SYSTEM 1
| #define HAVE_SYSTEM HAVE_STD__SYSTEM || HAVE_WSYSTEM
| /* end confdefs.h.  */
| 
|         #include <libdb5/db_cxx.h>
| 
| int
| main (void)
| {
| 
|         #if !((DB_VERSION_MAJOR == 4 && DB_VERSION_MINOR >= 8) || DB_VERSION_MAJOR > 4)
|           #error "failed to find bdb 4.8+"
|         #endif
| 
|   ;
|   return 0;
| }
configure:32322: g++ -std=c++14 -c -g -O2 -fno-extended-identifiers  -DHAVE_BUILD_INFO -D__STDC_FORMAT_MACROS conftest.cpp >&5
conftest.cpp:76:18: fatal error: db5/db_cxx.h: No such file or directory
   76 |         #include <db5/db_cxx.h>
      |                  ^~~~~~~~~~~~~~
compilation terminated.
configure:32322: $? = 1
configure: failed program was:
| /* confdefs.h */
| #define PACKAGE_NAME "Marsbux Core"
| #define PACKAGE_TARNAME "Marsbux"
| #define PACKAGE_VERSION "0.21.4"
| #define PACKAGE_STRING "Marsbux Core 0.21.4"
| #define PACKAGE_BUGREPORT "https://github.com/marsbux-project/marsbux/issues"
| #define PACKAGE_URL "https://marsbux.org/"
| #define HAVE_CXX14 1
| #define HAVE_STDIO_H 1
| #define HAVE_STDLIB_H 1
| #define HAVE_STRING_H 1
| #define HAVE_INTTYPES_H 1
| #define HAVE_STDINT_H 1
| #define HAVE_STRINGS_H 1
| #define HAVE_SYS_STAT_H 1
| #define HAVE_SYS_TYPES_H 1
| #define HAVE_UNISTD_H 1
| #define STDC_HEADERS 1
| #define HAVE_DLFCN_H 1
| #define LT_OBJDIR ".libs/"
| #define USE_ASM 1
| #define ENABLE_SSE41 1
| #define ENABLE_AVX2 1
| #define ENABLE_SHANI 1
| #define HAVE_PTHREAD_PRIO_INHERIT 1
| #define HAVE_PTHREAD 1
| #define HAVE_DECL_STRERROR_R 1
| #define HAVE_STRERROR_R 1
| #define STRERROR_R_CHAR_P 1
| #define HAVE_FUNC_ATTRIBUTE_VISIBILITY 1
| #define HAVE_ENDIAN_H 1
| #define HAVE_BYTESWAP_H 1
| #define HAVE_STDIO_H 1
| #define HAVE_STDLIB_H 1
| #define HAVE_UNISTD_H 1
| #define HAVE_STRINGS_H 1
| #define HAVE_SYS_TYPES_H 1
| #define HAVE_SYS_STAT_H 1
| #define HAVE_SYS_SELECT_H 1
| #define HAVE_SYS_PRCTL_H 1
| #define HAVE_DECL_GETIFADDRS 1
| #define HAVE_DECL_FREEIFADDRS 1
| #define HAVE_DECL_STRNLEN 1
| #define HAVE_DECL_DAEMON 1
| #define HAVE_DECL_LE16TOH 1
| #define HAVE_DECL_LE32TOH 1
| #define HAVE_DECL_LE64TOH 1
| #define HAVE_DECL_HTOLE16 1
| #define HAVE_DECL_HTOLE32 1
| #define HAVE_DECL_HTOLE64 1
| #define HAVE_DECL_BE16TOH 1
| #define HAVE_DECL_BE32TOH 1
| #define HAVE_DECL_BE64TOH 1
| #define HAVE_DECL_HTOBE16 1
| #define HAVE_DECL_HTOBE32 1
| #define HAVE_DECL_HTOBE64 1
| #define HAVE_DECL_BSWAP_16 1
| #define HAVE_DECL_BSWAP_32 1
| #define HAVE_DECL_BSWAP_64 1
| #define HAVE_BUILTIN_CLZL 1
| #define HAVE_BUILTIN_CLZLL 1
| #define HAVE_MALLOC_INFO 1
| #define HAVE_MALLOPT_ARENA_MAX 1
| #define HAVE_POSIX_FALLOCATE 1
| #define HAVE_VISIBILITY_ATTRIBUTE 1
| #define HAVE_THREAD_LOCAL 1
| #define HAVE_GMTIME_R 1
| #define HAVE_SYS_GETRANDOM 1
| #define HAVE_GETENTROPY 1
| #define HAVE_GETENTROPY_RAND 1
| #define HAVE_FDATASYNC 1
| #define HAVE_STD__SYSTEM 1
| #define HAVE_SYSTEM HAVE_STD__SYSTEM || HAVE_WSYSTEM
| /* end confdefs.h.  */
| 
|         #include <db5/db_cxx.h>
| 
| int
| main (void)
| {
| 
|         #if !((DB_VERSION_MAJOR == 4 && DB_VERSION_MINOR >= 8) || DB_VERSION_MAJOR > 4)
|           #error "failed to find bdb 4.8+"
|         #endif
| 
|   ;
|   return 0;
| }
configure:32322: g++ -std=c++14 -c -g -O2 -fno-extended-identifiers  -DHAVE_BUILD_INFO -D__STDC_FORMAT_MACROS conftest.cpp >&5
conftest.cpp:76:18: fatal error: bdb5.3/db_cxx.h: No such file or directory
   76 |         #include <bdb5.3/db_cxx.h>
      |                  ^~~~~~~~~~~~~~~~~
compilation terminated.
configure:32322: $? = 1
configure: failed program was:
| /* confdefs.h */
| #define PACKAGE_NAME "Marsbux Core"
| #define PACKAGE_TARNAME "Marsbux"
| #define PACKAGE_VERSION "0.21.4"
| #define PACKAGE_STRING "Marsbux Core 0.21.4"
| #define PACKAGE_BUGREPORT "https://github.com/marsbux-project/marsbux/issues"
| #define PACKAGE_URL "https://marsbux.org/"
| #define HAVE_CXX14 1
| #define HAVE_STDIO_H 1
| #define HAVE_STDLIB_H 1
| #define HAVE_STRING_H 1
| #define HAVE_INTTYPES_H 1
| #define HAVE_STDINT_H 1
| #define HAVE_STRINGS_H 1
| #define HAVE_SYS_STAT_H 1
| #define HAVE_SYS_TYPES_H 1
| #define HAVE_UNISTD_H 1
| #define STDC_HEADERS 1
| #define HAVE_DLFCN_H 1
| #define LT_OBJDIR ".libs/"
| #define USE_ASM 1
| #define ENABLE_SSE41 1
| #define ENABLE_AVX2 1
| #define ENABLE_SHANI 1
| #define HAVE_PTHREAD_PRIO_INHERIT 1
| #define HAVE_PTHREAD 1
| #define HAVE_DECL_STRERROR_R 1
| #define HAVE_STRERROR_R 1
| #define STRERROR_R_CHAR_P 1
| #define HAVE_FUNC_ATTRIBUTE_VISIBILITY 1
| #define HAVE_ENDIAN_H 1
| #define HAVE_BYTESWAP_H 1
| #define HAVE_STDIO_H 1
| #define HAVE_STDLIB_H 1
| #define HAVE_UNISTD_H 1
| #define HAVE_STRINGS_H 1
| #define HAVE_SYS_TYPES_H 1
| #define HAVE_SYS_STAT_H 1
| #define HAVE_SYS_SELECT_H 1
| #define HAVE_SYS_PRCTL_H 1
| #define HAVE_DECL_GETIFADDRS 1
| #define HAVE_DECL_FREEIFADDRS 1
| #define HAVE_DECL_STRNLEN 1
| #define HAVE_DECL_DAEMON 1
| #define HAVE_DECL_LE16TOH 1
| #define HAVE_DECL_LE32TOH 1
| #define HAVE_DECL_LE64TOH 1
| #define HAVE_DECL_HTOLE16 1
| #define HAVE_DECL_HTOLE32 1
| #define HAVE_DECL_HTOLE64 1
| #define HAVE_DECL_BE16TOH 1
| #define HAVE_DECL_BE32TOH 1
| #define HAVE_DECL_BE64TOH 1
| #define HAVE_DECL_HTOBE16 1
| #define HAVE_DECL_HTOBE32 1
| #define HAVE_DECL_HTOBE64 1
| #define HAVE_DECL_BSWAP_16 1
| #define HAVE_DECL_BSWAP_32 1
| #define HAVE_DECL_BSWAP_64 1
| #define HAVE_BUILTIN_CLZL 1
| #define HAVE_BUILTIN_CLZLL 1
| #define HAVE_MALLOC_INFO 1
| #define HAVE_MALLOPT_ARENA_MAX 1
| #define HAVE_POSIX_FALLOCATE 1
| #define HAVE_VISIBILITY_ATTRIBUTE 1
| #define HAVE_THREAD_LOCAL 1
| #define HAVE_GMTIME_R 1
| #define HAVE_SYS_GETRANDOM 1
| #define HAVE_GETENTROPY 1
| #define HAVE_GETENTROPY_RAND 1
| #define HAVE_FDATASYNC 1
| #define HAVE_STD__SYSTEM 1
| #define HAVE_SYSTEM HAVE_STD__SYSTEM || HAVE_WSYSTEM
| /* end confdefs.h.  */
| 
|         #include <bdb5.3/db_cxx.h>
| 
| int
| main (void)
| {
| 
|         #if !((DB_VERSION_MAJOR == 4 && DB_VERSION_MINOR >= 8) || DB_VERSION_MAJOR > 4)
|           #error "failed to find bdb 4.8+"
|         #endif
| 
|   ;
|   return 0;
| }
configure:32322: g++ -std=c++14 -c -g -O2 -fno-extended-identifiers  -DHAVE_BUILD_INFO -D__STDC_FORMAT_MACROS conftest.cpp >&5
conftest.cpp:76:18: fatal error: libdb5.3/db_cxx.h: No such file or directory
   76 |         #include <libdb5.3/db_cxx.h>
      |                  ^~~~~~~~~~~~~~~~~~~
compilation terminated.
configure:32322: $? = 1
configure: failed program was:
| /* confdefs.h */
| #define PACKAGE_NAME "Marsbux Core"
| #define PACKAGE_TARNAME "Marsbux"
| #define PACKAGE_VERSION "0.21.4"
| #define PACKAGE_STRING "Marsbux Core 0.21.4"
| #define PACKAGE_BUGREPORT "https://github.com/marsbux-project/marsbux/issues"
| #define PACKAGE_URL "https://marsbux.org/"
| #define HAVE_CXX14 1
| #define HAVE_STDIO_H 1
| #define HAVE_STDLIB_H 1
| #define HAVE_STRING_H 1
| #define HAVE_INTTYPES_H 1
| #define HAVE_STDINT_H 1
| #define HAVE_STRINGS_H 1
| #define HAVE_SYS_STAT_H 1
| #define HAVE_SYS_TYPES_H 1
| #define HAVE_UNISTD_H 1
| #define STDC_HEADERS 1
| #define HAVE_DLFCN_H 1
| #define LT_OBJDIR ".libs/"
| #define USE_ASM 1
| #define ENABLE_SSE41 1
| #define ENABLE_AVX2 1
| #define ENABLE_SHANI 1
| #define HAVE_PTHREAD_PRIO_INHERIT 1
| #define HAVE_PTHREAD 1
| #define HAVE_DECL_STRERROR_R 1
| #define HAVE_STRERROR_R 1
| #define STRERROR_R_CHAR_P 1
| #define HAVE_FUNC_ATTRIBUTE_VISIBILITY 1
| #define HAVE_ENDIAN_H 1
| #define HAVE_BYTESWAP_H 1
| #define HAVE_STDIO_H 1
| #define HAVE_STDLIB_H 1
| #define HAVE_UNISTD_H 1
| #define HAVE_STRINGS_H 1
| #define HAVE_SYS_TYPES_H 1
| #define HAVE_SYS_STAT_H 1
| #define HAVE_SYS_SELECT_H 1
| #define HAVE_SYS_PRCTL_H 1
| #define HAVE_DECL_GETIFADDRS 1
| #define HAVE_DECL_FREEIFADDRS 1
| #define HAVE_DECL_STRNLEN 1
| #define HAVE_DECL_DAEMON 1
| #define HAVE_DECL_LE16TOH 1
| #define HAVE_DECL_LE32TOH 1
| #define HAVE_DECL_LE64TOH 1
| #define HAVE_DECL_HTOLE16 1
| #define HAVE_DECL_HTOLE32 1
| #define HAVE_DECL_HTOLE64 1
| #define HAVE_DECL_BE16TOH 1
| #define HAVE_DECL_BE32TOH 1
| #define HAVE_DECL_BE64TOH 1
| #define HAVE_DECL_HTOBE16 1
| #define HAVE_DECL_HTOBE32 1
| #define HAVE_DECL_HTOBE64 1
| #define HAVE_DECL_BSWAP_16 1
| #define HAVE_DECL_BSWAP_32 1
| #define HAVE_DECL_BSWAP_64 1
| #define HAVE_BUILTIN_CLZL 1
| #define HAVE_BUILTIN_CLZLL 1
| #define HAVE_MALLOC_INFO 1
| #define HAVE_MALLOPT_ARENA_MAX 1
| #define HAVE_POSIX_FALLOCATE 1
| #define HAVE_VISIBILITY_ATTRIBUTE 1
| #define HAVE_THREAD_LOCAL 1
| #define HAVE_GMTIME_R 1
| #define HAVE_SYS_GETRANDOM 1
| #define HAVE_GETENTROPY 1
| #define HAVE_GETENTROPY_RAND 1
| #define HAVE_FDATASYNC 1
| #define HAVE_STD__SYSTEM 1
| #define HAVE_SYSTEM HAVE_STD__SYSTEM || HAVE_WSYSTEM
| /* end confdefs.h.  */
| 
|         #include <libdb5.3/db_cxx.h>
| 
| int
| main (void)
| {
| 
|         #if !((DB_VERSION_MAJOR == 4 && DB_VERSION_MINOR >= 8) || DB_VERSION_MAJOR > 4)
|           #error "failed to find bdb 4.8+"
|         #endif
| 
|   ;
|   return 0;
| }
configure:32322: g++ -std=c++14 -c -g -O2 -fno-extended-identifiers  -DHAVE_BUILD_INFO -D__STDC_FORMAT_MACROS conftest.cpp >&5
conftest.cpp:76:18: fatal error: db5.3/db_cxx.h: No such file or directory
   76 |         #include <db5.3/db_cxx.h>
      |                  ^~~~~~~~~~~~~~~~
compilation terminated.
configure:32322: $? = 1
configure: failed program was:
| /* confdefs.h */
| #define PACKAGE_NAME "Marsbux Core"
| #define PACKAGE_TARNAME "Marsbux"
| #define PACKAGE_VERSION "0.21.4"
| #define PACKAGE_STRING "Marsbux Core 0.21.4"
| #define PACKAGE_BUGREPORT "https://github.com/marsbux-project/marsbux/issues"
| #define PACKAGE_URL "https://marsbux.org/"
| #define HAVE_CXX14 1
| #define HAVE_STDIO_H 1
| #define HAVE_STDLIB_H 1
| #define HAVE_STRING_H 1
| #define HAVE_INTTYPES_H 1
| #define HAVE_STDINT_H 1
| #define HAVE_STRINGS_H 1
| #define HAVE_SYS_STAT_H 1
| #define HAVE_SYS_TYPES_H 1
| #define HAVE_UNISTD_H 1
| #define STDC_HEADERS 1
| #define HAVE_DLFCN_H 1
| #define LT_OBJDIR ".libs/"
| #define USE_ASM 1
| #define ENABLE_SSE41 1
| #define ENABLE_AVX2 1
| #define ENABLE_SHANI 1
| #define HAVE_PTHREAD_PRIO_INHERIT 1
| #define HAVE_PTHREAD 1
| #define HAVE_DECL_STRERROR_R 1
| #define HAVE_STRERROR_R 1
| #define STRERROR_R_CHAR_P 1
| #define HAVE_FUNC_ATTRIBUTE_VISIBILITY 1
| #define HAVE_ENDIAN_H 1
| #define HAVE_BYTESWAP_H 1
| #define HAVE_STDIO_H 1
| #define HAVE_STDLIB_H 1
| #define HAVE_UNISTD_H 1
| #define HAVE_STRINGS_H 1
| #define HAVE_SYS_TYPES_H 1
| #define HAVE_SYS_STAT_H 1
| #define HAVE_SYS_SELECT_H 1
| #define HAVE_SYS_PRCTL_H 1
| #define HAVE_DECL_GETIFADDRS 1
| #define HAVE_DECL_FREEIFADDRS 1
| #define HAVE_DECL_STRNLEN 1
| #define HAVE_DECL_DAEMON 1
| #define HAVE_DECL_LE16TOH 1
| #define HAVE_DECL_LE32TOH 1
| #define HAVE_DECL_LE64TOH 1
| #define HAVE_DECL_HTOLE16 1
| #define HAVE_DECL_HTOLE32 1
| #define HAVE_DECL_HTOLE64 1
| #define HAVE_DECL_BE16TOH 1
| #define HAVE_DECL_BE32TOH 1
| #define HAVE_DECL_BE64TOH 1
| #define HAVE_DECL_HTOBE16 1
| #define HAVE_DECL_HTOBE32 1
| #define HAVE_DECL_HTOBE64 1
| #define HAVE_DECL_BSWAP_16 1
| #define HAVE_DECL_BSWAP_32 1
| #define HAVE_DECL_BSWAP_64 1
| #define HAVE_BUILTIN_CLZL 1
| #define HAVE_BUILTIN_CLZLL 1
| #define HAVE_MALLOC_INFO 1
| #define HAVE_MALLOPT_ARENA_MAX 1
| #define HAVE_POSIX_FALLOCATE 1
| #define HAVE_VISIBILITY_ATTRIBUTE 1
| #define HAVE_THREAD_LOCAL 1
| #define HAVE_GMTIME_R 1
| #define HAVE_SYS_GETRANDOM 1
| #define HAVE_GETENTROPY 1
| #define HAVE_GETENTROPY_RAND 1
| #define HAVE_FDATASYNC 1
| #define HAVE_STD__SYSTEM 1
| #define HAVE_SYSTEM HAVE_STD__SYSTEM || HAVE_WSYSTEM
| /* end confdefs.h.  */
| 
|         #include <db5.3/db_cxx.h>
| 
| int
| main (void)
| {
| 
|         #if !((DB_VERSION_MAJOR == 4 && DB_VERSION_MINOR >= 8) || DB_VERSION_MAJOR > 4)
|           #error "failed to find bdb 4.8+"
|         #endif
| 
|   ;
|   return 0;
| }
configure:32322: g++ -std=c++14 -c -g -O2 -fno-extended-identifiers  -DHAVE_BUILD_INFO -D__STDC_FORMAT_MACROS conftest.cpp >&5
conftest.cpp:76:18: fatal error: bdb/db_cxx.h: No such file or directory
   76 |         #include <bdb/db_cxx.h>
      |                  ^~~~~~~~~~~~~~
compilation terminated.
configure:32322: $? = 1
configure: failed program was:
| /* confdefs.h */
| #define PACKAGE_NAME "Marsbux Core"
| #define PACKAGE_TARNAME "Marsbux"
| #define PACKAGE_VERSION "0.21.4"
| #define PACKAGE_STRING "Marsbux Core 0.21.4"
| #define PACKAGE_BUGREPORT "https://github.com/marsbux-project/marsbux/issues"
| #define PACKAGE_URL "https://marsbux.org/"
| #define HAVE_CXX14 1
| #define HAVE_STDIO_H 1
| #define HAVE_STDLIB_H 1
| #define HAVE_STRING_H 1
| #define HAVE_INTTYPES_H 1
| #define HAVE_STDINT_H 1
| #define HAVE_STRINGS_H 1
| #define HAVE_SYS_STAT_H 1
| #define HAVE_SYS_TYPES_H 1
| #define HAVE_UNISTD_H 1
| #define STDC_HEADERS 1
| #define HAVE_DLFCN_H 1
| #define LT_OBJDIR ".libs/"
| #define USE_ASM 1
| #define ENABLE_SSE41 1
| #define ENABLE_AVX2 1
| #define ENABLE_SHANI 1
| #define HAVE_PTHREAD_PRIO_INHERIT 1
| #define HAVE_PTHREAD 1
| #define HAVE_DECL_STRERROR_R 1
| #define HAVE_STRERROR_R 1
| #define STRERROR_R_CHAR_P 1
| #define HAVE_FUNC_ATTRIBUTE_VISIBILITY 1
| #define HAVE_ENDIAN_H 1
| #define HAVE_BYTESWAP_H 1
| #define HAVE_STDIO_H 1
| #define HAVE_STDLIB_H 1
| #define HAVE_UNISTD_H 1
| #define HAVE_STRINGS_H 1
| #define HAVE_SYS_TYPES_H 1
| #define HAVE_SYS_STAT_H 1
| #define HAVE_SYS_SELECT_H 1
| #define HAVE_SYS_PRCTL_H 1
| #define HAVE_DECL_GETIFADDRS 1
| #define HAVE_DECL_FREEIFADDRS 1
| #define HAVE_DECL_STRNLEN 1
| #define HAVE_DECL_DAEMON 1
| #define HAVE_DECL_LE16TOH 1
| #define HAVE_DECL_LE32TOH 1
| #define HAVE_DECL_LE64TOH 1
| #define HAVE_DECL_HTOLE16 1
| #define HAVE_DECL_HTOLE32 1
| #define HAVE_DECL_HTOLE64 1
| #define HAVE_DECL_BE16TOH 1
| #define HAVE_DECL_BE32TOH 1
| #define HAVE_DECL_BE64TOH 1
| #define HAVE_DECL_HTOBE16 1
| #define HAVE_DECL_HTOBE32 1
| #define HAVE_DECL_HTOBE64 1
| #define HAVE_DECL_BSWAP_16 1
| #define HAVE_DECL_BSWAP_32 1
| #define HAVE_DECL_BSWAP_64 1
| #define HAVE_BUILTIN_CLZL 1
| #define HAVE_BUILTIN_CLZLL 1
| #define HAVE_MALLOC_INFO 1
| #define HAVE_MALLOPT_ARENA_MAX 1
| #define HAVE_POSIX_FALLOCATE 1
| #define HAVE_VISIBILITY_ATTRIBUTE 1
| #define HAVE_THREAD_LOCAL 1
| #define HAVE_GMTIME_R 1
| #define HAVE_SYS_GETRANDOM 1
| #define HAVE_GETENTROPY 1
| #define HAVE_GETENTROPY_RAND 1
| #define HAVE_FDATASYNC 1
| #define HAVE_STD__SYSTEM 1
| #define HAVE_SYSTEM HAVE_STD__SYSTEM || HAVE_WSYSTEM
| /* end confdefs.h.  */
| 
|         #include <bdb/db_cxx.h>
| 
| int
| main (void)
| {
| 
|         #if !((DB_VERSION_MAJOR == 4 && DB_VERSION_MINOR >= 8) || DB_VERSION_MAJOR > 4)
|           #error "failed to find bdb 4.8+"
|         #endif
| 
|   ;
|   return 0;
| }
configure:32322: g++ -std=c++14 -c -g -O2 -fno-extended-identifiers  -DHAVE_BUILD_INFO -D__STDC_FORMAT_MACROS conftest.cpp >&5
conftest.cpp:76:18: fatal error: libdb/db_cxx.h: No such file or directory
   76 |         #include <libdb/db_cxx.h>
      |                  ^~~~~~~~~~~~~~~~
compilation terminated.
configure:32322: $? = 1
configure: failed program was:
| /* confdefs.h */
| #define PACKAGE_NAME "Marsbux Core"
| #define PACKAGE_TARNAME "Marsbux"
| #define PACKAGE_VERSION "0.21.4"
| #define PACKAGE_STRING "Marsbux Core 0.21.4"
| #define PACKAGE_BUGREPORT "https://github.com/marsbux-project/marsbux/issues"
| #define PACKAGE_URL "https://marsbux.org/"
| #define HAVE_CXX14 1
| #define HAVE_STDIO_H 1
| #define HAVE_STDLIB_H 1
| #define HAVE_STRING_H 1
| #define HAVE_INTTYPES_H 1
| #define HAVE_STDINT_H 1
| #define HAVE_STRINGS_H 1
| #define HAVE_SYS_STAT_H 1
| #define HAVE_SYS_TYPES_H 1
| #define HAVE_UNISTD_H 1
| #define STDC_HEADERS 1
| #define HAVE_DLFCN_H 1
| #define LT_OBJDIR ".libs/"
| #define USE_ASM 1
| #define ENABLE_SSE41 1
| #define ENABLE_AVX2 1
| #define ENABLE_SHANI 1
| #define HAVE_PTHREAD_PRIO_INHERIT 1
| #define HAVE_PTHREAD 1
| #define HAVE_DECL_STRERROR_R 1
| #define HAVE_STRERROR_R 1
| #define STRERROR_R_CHAR_P 1
| #define HAVE_FUNC_ATTRIBUTE_VISIBILITY 1
| #define HAVE_ENDIAN_H 1
| #define HAVE_BYTESWAP_H 1
| #define HAVE_STDIO_H 1
| #define HAVE_STDLIB_H 1
| #define HAVE_UNISTD_H 1
| #define HAVE_STRINGS_H 1
| #define HAVE_SYS_TYPES_H 1
| #define HAVE_SYS_STAT_H 1
| #define HAVE_SYS_SELECT_H 1
| #define HAVE_SYS_PRCTL_H 1
| #define HAVE_DECL_GETIFADDRS 1
| #define HAVE_DECL_FREEIFADDRS 1
| #define HAVE_DECL_STRNLEN 1
| #define HAVE_DECL_DAEMON 1
| #define HAVE_DECL_LE16TOH 1
| #define HAVE_DECL_LE32TOH 1
| #define HAVE_DECL_LE64TOH 1
| #define HAVE_DECL_HTOLE16 1
| #define HAVE_DECL_HTOLE32 1
| #define HAVE_DECL_HTOLE64 1
| #define HAVE_DECL_BE16TOH 1
| #define HAVE_DECL_BE32TOH 1
| #define HAVE_DECL_BE64TOH 1
| #define HAVE_DECL_HTOBE16 1
| #define HAVE_DECL_HTOBE32 1
| #define HAVE_DECL_HTOBE64 1
| #define HAVE_DECL_BSWAP_16 1
| #define HAVE_DECL_BSWAP_32 1
| #define HAVE_DECL_BSWAP_64 1
| #define HAVE_BUILTIN_CLZL 1
| #define HAVE_BUILTIN_CLZLL 1
| #define HAVE_MALLOC_INFO 1
| #define HAVE_MALLOPT_ARENA_MAX 1
| #define HAVE_POSIX_FALLOCATE 1
| #define HAVE_VISIBILITY_ATTRIBUTE 1
| #define HAVE_THREAD_LOCAL 1
| #define HAVE_GMTIME_R 1
| #define HAVE_SYS_GETRANDOM 1
| #define HAVE_GETENTROPY 1
| #define HAVE_GETENTROPY_RAND 1
| #define HAVE_FDATASYNC 1
| #define HAVE_STD__SYSTEM 1
| #define HAVE_SYSTEM HAVE_STD__SYSTEM || HAVE_WSYSTEM
| /* end confdefs.h.  */
| 
|         #include <libdb/db_cxx.h>
| 
| int
| main (void)
| {
| 
|         #if !((DB_VERSION_MAJOR == 4 && DB_VERSION_MINOR >= 8) || DB_VERSION_MAJOR > 4)
|           #error "failed to find bdb 4.8+"
|         #endif
| 
|   ;
|   return 0;
| }
configure:32322: g++ -std=c++14 -c -g -O2 -fno-extended-identifiers  -DHAVE_BUILD_INFO -D__STDC_FORMAT_MACROS conftest.cpp >&5
conftest.cpp:76:18: fatal error: db/db_cxx.h: No such file or directory
   76 |         #include <db/db_cxx.h>
      |                  ^~~~~~~~~~~~~
compilation terminated.
configure:32322: $? = 1
configure: failed program was:
| /* confdefs.h */
| #define PACKAGE_NAME "Marsbux Core"
| #define PACKAGE_TARNAME "Marsbux"
| #define PACKAGE_VERSION "0.21.4"
| #define PACKAGE_STRING "Marsbux Core 0.21.4"
| #define PACKAGE_BUGREPORT "https://github.com/marsbux-project/marsbux/issues"
| #define PACKAGE_URL "https://marsbux.org/"
| #define HAVE_CXX14 1
| #define HAVE_STDIO_H 1
| #define HAVE_STDLIB_H 1
| #define HAVE_STRING_H 1
| #define HAVE_INTTYPES_H 1
| #define HAVE_STDINT_H 1
| #define HAVE_STRINGS_H 1
| #define HAVE_SYS_STAT_H 1
| #define HAVE_SYS_TYPES_H 1
| #define HAVE_UNISTD_H 1
| #define STDC_HEADERS 1
| #define HAVE_DLFCN_H 1
| #define LT_OBJDIR ".libs/"
| #define USE_ASM 1
| #define ENABLE_SSE41 1
| #define ENABLE_AVX2 1
| #define ENABLE_SHANI 1
| #define HAVE_PTHREAD_PRIO_INHERIT 1
| #define HAVE_PTHREAD 1
| #define HAVE_DECL_STRERROR_R 1
| #define HAVE_STRERROR_R 1
| #define STRERROR_R_CHAR_P 1
| #define HAVE_FUNC_ATTRIBUTE_VISIBILITY 1
| #define HAVE_ENDIAN_H 1
| #define HAVE_BYTESWAP_H 1
| #define HAVE_STDIO_H 1
| #define HAVE_STDLIB_H 1
| #define HAVE_UNISTD_H 1
| #define HAVE_STRINGS_H 1
| #define HAVE_SYS_TYPES_H 1
| #define HAVE_SYS_STAT_H 1
| #define HAVE_SYS_SELECT_H 1
| #define HAVE_SYS_PRCTL_H 1
| #define HAVE_DECL_GETIFADDRS 1
| #define HAVE_DECL_FREEIFADDRS 1
| #define HAVE_DECL_STRNLEN 1
| #define HAVE_DECL_DAEMON 1
| #define HAVE_DECL_LE16TOH 1
| #define HAVE_DECL_LE32TOH 1
| #define HAVE_DECL_LE64TOH 1
| #define HAVE_DECL_HTOLE16 1
| #define HAVE_DECL_HTOLE32 1
| #define HAVE_DECL_HTOLE64 1
| #define HAVE_DECL_BE16TOH 1
| #define HAVE_DECL_BE32TOH 1
| #define HAVE_DECL_BE64TOH 1
| #define HAVE_DECL_HTOBE16 1
| #define HAVE_DECL_HTOBE32 1
| #define HAVE_DECL_HTOBE64 1
| #define HAVE_DECL_BSWAP_16 1
| #define HAVE_DECL_BSWAP_32 1
| #define HAVE_DECL_BSWAP_64 1
| #define HAVE_BUILTIN_CLZL 1
| #define HAVE_BUILTIN_CLZLL 1
| #define HAVE_MALLOC_INFO 1
| #define HAVE_MALLOPT_ARENA_MAX 1
| #define HAVE_POSIX_FALLOCATE 1
| #define HAVE_VISIBILITY_ATTRIBUTE 1
| #define HAVE_THREAD_LOCAL 1
| #define HAVE_GMTIME_R 1
| #define HAVE_SYS_GETRANDOM 1
| #define HAVE_GETENTROPY 1
| #define HAVE_GETENTROPY_RAND 1
| #define HAVE_FDATASYNC 1
| #define HAVE_STD__SYSTEM 1
| #define HAVE_SYSTEM HAVE_STD__SYSTEM || HAVE_WSYSTEM
| /* end confdefs.h.  */
| 
|         #include <db/db_cxx.h>
| 
| int
| main (void)
| {
| 
|         #if !((DB_VERSION_MAJOR == 4 && DB_VERSION_MINOR >= 8) || DB_VERSION_MAJOR > 4)
|           #error "failed to find bdb 4.8+"
|         #endif
| 
|   ;
|   return 0;
| }
configure:32322: g++ -std=c++14 -c -g -O2 -fno-extended-identifiers  -DHAVE_BUILD_INFO -D__STDC_FORMAT_MACROS conftest.cpp >&5
configure:32322: $? = 0
configure:32352: g++ -std=c++14 -c -g -O2 -fno-extended-identifiers  -DHAVE_BUILD_INFO -D__STDC_FORMAT_MACROS conftest.cpp >&5
conftest.cpp:83:12: error: #error "failed to find bdb 4.8"
   83 |           #error "failed to find bdb 4.8"
      |            ^~~~~
configure:32352: $? = 1
configure: failed program was:
| /* confdefs.h */
| #define PACKAGE_NAME "Marsbux Core"
| #define PACKAGE_TARNAME "Marsbux"
| #define PACKAGE_VERSION "0.21.4"
| #define PACKAGE_STRING "Marsbux Core 0.21.4"
| #define PACKAGE_BUGREPORT "https://github.com/marsbux-project/marsbux/issues"
| #define PACKAGE_URL "https://marsbux.org/"
| #define HAVE_CXX14 1
| #define HAVE_STDIO_H 1
| #define HAVE_STDLIB_H 1
| #define HAVE_STRING_H 1
| #define HAVE_INTTYPES_H 1
| #define HAVE_STDINT_H 1
| #define HAVE_STRINGS_H 1
| #define HAVE_SYS_STAT_H 1
| #define HAVE_SYS_TYPES_H 1
| #define HAVE_UNISTD_H 1
| #define STDC_HEADERS 1
| #define HAVE_DLFCN_H 1
| #define LT_OBJDIR ".libs/"
| #define USE_ASM 1
| #define ENABLE_SSE41 1
| #define ENABLE_AVX2 1
| #define ENABLE_SHANI 1
| #define HAVE_PTHREAD_PRIO_INHERIT 1
| #define HAVE_PTHREAD 1
| #define HAVE_DECL_STRERROR_R 1
| #define HAVE_STRERROR_R 1
| #define STRERROR_R_CHAR_P 1
| #define HAVE_FUNC_ATTRIBUTE_VISIBILITY 1
| #define HAVE_ENDIAN_H 1
| #define HAVE_BYTESWAP_H 1
| #define HAVE_STDIO_H 1
| #define HAVE_STDLIB_H 1
| #define HAVE_UNISTD_H 1
| #define HAVE_STRINGS_H 1
| #define HAVE_SYS_TYPES_H 1
| #define HAVE_SYS_STAT_H 1
| #define HAVE_SYS_SELECT_H 1
| #define HAVE_SYS_PRCTL_H 1
| #define HAVE_DECL_GETIFADDRS 1
| #define HAVE_DECL_FREEIFADDRS 1
| #define HAVE_DECL_STRNLEN 1
| #define HAVE_DECL_DAEMON 1
| #define HAVE_DECL_LE16TOH 1
| #define HAVE_DECL_LE32TOH 1
| #define HAVE_DECL_LE64TOH 1
| #define HAVE_DECL_HTOLE16 1
| #define HAVE_DECL_HTOLE32 1
| #define HAVE_DECL_HTOLE64 1
| #define HAVE_DECL_BE16TOH 1
| #define HAVE_DECL_BE32TOH 1
| #define HAVE_DECL_BE64TOH 1
| #define HAVE_DECL_HTOBE16 1
| #define HAVE_DECL_HTOBE32 1
| #define HAVE_DECL_HTOBE64 1
| #define HAVE_DECL_BSWAP_16 1
| #define HAVE_DECL_BSWAP_32 1
| #define HAVE_DECL_BSWAP_64 1
| #define HAVE_BUILTIN_CLZL 1
| #define HAVE_BUILTIN_CLZLL 1
| #define HAVE_MALLOC_INFO 1
| #define HAVE_MALLOPT_ARENA_MAX 1
| #define HAVE_POSIX_FALLOCATE 1
| #define HAVE_VISIBILITY_ATTRIBUTE 1
| #define HAVE_THREAD_LOCAL 1
| #define HAVE_GMTIME_R 1
| #define HAVE_SYS_GETRANDOM 1
| #define HAVE_GETENTROPY 1
| #define HAVE_GETENTROPY_RAND 1
| #define HAVE_FDATASYNC 1
| #define HAVE_STD__SYSTEM 1
| #define HAVE_SYSTEM HAVE_STD__SYSTEM || HAVE_WSYSTEM
| /* end confdefs.h.  */
| 
|         #include <db_cxx.h>
| 
| int
| main (void)
| {
| 
|         #if !(DB_VERSION_MAJOR == 4 && DB_VERSION_MINOR == 8)
|           #error "failed to find bdb 4.8"
|         #endif
| 
|   ;
|   return 0;
| }
configure:32368: result: default
configure:32385: WARNING: Found Berkeley DB other than 4.8; wallets opened by this build will not be portable!
configure:32420: checking for main in -ldb_cxx-4.8
configure:32442: g++ -std=c++14 -o conftest -g -O2 -fno-extended-identifiers  -DHAVE_BUILD_INFO -D__STDC_FORMAT_MACROS  conftest.cpp -ldb_cxx-4.8   >&5
/usr/bin/ld: cannot find -ldb_cxx-4.8: No such file or directory
collect2: error: ld returned 1 exit status
configure:32442: $? = 1
configure: failed program was:
| /* confdefs.h */
| #define PACKAGE_NAME "Marsbux Core"
| #define PACKAGE_TARNAME "Marsbux"
| #define PACKAGE_VERSION "0.21.4"
| #define PACKAGE_STRING "Marsbux Core 0.21.4"
| #define PACKAGE_BUGREPORT "https://github.com/marsbux-project/marsbux/issues"
| #define PACKAGE_URL "https://marsbux.org/"
| #define HAVE_CXX14 1
| #define HAVE_STDIO_H 1
| #define HAVE_STDLIB_H 1
| #define HAVE_STRING_H 1
| #define HAVE_INTTYPES_H 1
| #define HAVE_STDINT_H 1
| #define HAVE_STRINGS_H 1
| #define HAVE_SYS_STAT_H 1
| #define HAVE_SYS_TYPES_H 1
| #define HAVE_UNISTD_H 1
| #define STDC_HEADERS 1
| #define HAVE_DLFCN_H 1
| #define LT_OBJDIR ".libs/"
| #define USE_ASM 1
| #define ENABLE_SSE41 1
| #define ENABLE_AVX2 1
| #define ENABLE_SHANI 1
| #define HAVE_PTHREAD_PRIO_INHERIT 1
| #define HAVE_PTHREAD 1
| #define HAVE_DECL_STRERROR_R 1
| #define HAVE_STRERROR_R 1
| #define STRERROR_R_CHAR_P 1
| #define HAVE_FUNC_ATTRIBUTE_VISIBILITY 1
| #define HAVE_ENDIAN_H 1
| #define HAVE_BYTESWAP_H 1
| #define HAVE_STDIO_H 1
| #define HAVE_STDLIB_H 1
| #define HAVE_UNISTD_H 1
| #define HAVE_STRINGS_H 1
| #define HAVE_SYS_TYPES_H 1
| #define HAVE_SYS_STAT_H 1
| #define HAVE_SYS_SELECT_H 1
| #define HAVE_SYS_PRCTL_H 1
| #define HAVE_DECL_GETIFADDRS 1
| #define HAVE_DECL_FREEIFADDRS 1
| #define HAVE_DECL_STRNLEN 1
| #define HAVE_DECL_DAEMON 1
| #define HAVE_DECL_LE16TOH 1
| #define HAVE_DECL_LE32TOH 1
| #define HAVE_DECL_LE64TOH 1
| #define HAVE_DECL_HTOLE16 1
| #define HAVE_DECL_HTOLE32 1
| #define HAVE_DECL_HTOLE64 1
| #define HAVE_DECL_BE16TOH 1
| #define HAVE_DECL_BE32TOH 1
| #define HAVE_DECL_BE64TOH 1
| #define HAVE_DECL_HTOBE16 1
| #define HAVE_DECL_HTOBE32 1
| #define HAVE_DECL_HTOBE64 1
| #define HAVE_DECL_BSWAP_16 1
| #define HAVE_DECL_BSWAP_32 1
| #define HAVE_DECL_BSWAP_64 1
| #define HAVE_BUILTIN_CLZL 1
| #define HAVE_BUILTIN_CLZLL 1
| #define HAVE_MALLOC_INFO 1
| #define HAVE_MALLOPT_ARENA_MAX 1
| #define HAVE_POSIX_FALLOCATE 1
| #define HAVE_VISIBILITY_ATTRIBUTE 1
| #define HAVE_THREAD_LOCAL 1
| #define HAVE_GMTIME_R 1
| #define HAVE_SYS_GETRANDOM 1
| #define HAVE_GETENTROPY 1
| #define HAVE_GETENTROPY_RAND 1
| #define HAVE_FDATASYNC 1
| #define HAVE_STD__SYSTEM 1
| #define HAVE_SYSTEM HAVE_STD__SYSTEM || HAVE_WSYSTEM
| /* end confdefs.h.  */
| 
| namespace conftest {
|   extern "C" int main ();
| }
| int
| main (void)
| {
| return conftest::main ();
|   ;
|   return 0;
| }
configure:32453: result: no
configure:32420: checking for main in -ldb_cxx
configure:32442: g++ -std=c++14 -o conftest -g -O2 -fno-extended-identifiers  -DHAVE_BUILD_INFO -D__STDC_FORMAT_MACROS  conftest.cpp -ldb_cxx   >&5
configure:32442: $? = 0
configure:32453: result: yes
configure:32477: checking for sqlite3 >= 3.7.17
configure:32484: $PKG_CONFIG --exists --print-errors "sqlite3 >= 3.7.17"
configure:32487: $? = 0
configure:32501: $PKG_CONFIG --exists --print-errors "sqlite3 >= 3.7.17"
configure:32504: $? = 0
configure:32542: result: yes
configure:32547: checking whether to build wallet with support for sqlite
configure:32564: result: yes
configure:32572: checking for miniupnpc/miniwget.h
configure:32572: g++ -std=c++14 -c -g -O2 -fno-extended-identifiers  -DHAVE_BUILD_INFO -D__STDC_FORMAT_MACROS conftest.cpp >&5
configure:32572: $? = 0
configure:32572: result: yes
configure:32578: checking for upnpDiscover in -lminiupnpc
configure:32600: g++ -std=c++14 -o conftest -g -O2 -fno-extended-identifiers  -DHAVE_BUILD_INFO -D__STDC_FORMAT_MACROS  conftest.cpp -lminiupnpc   >&5
configure:32600: $? = 0
configure:32610: result: yes
configure:32572: checking for miniupnpc/miniupnpc.h
configure:32572: g++ -std=c++14 -c -g -O2 -fno-extended-identifiers  -DHAVE_BUILD_INFO -D__STDC_FORMAT_MACROS conftest.cpp >&5
configure:32572: $? = 0
configure:32572: result: yes
configure:32578: checking for upnpDiscover in -lminiupnpc
configure:32610: result: yes
configure:32572: checking for miniupnpc/upnpcommands.h
configure:32572: g++ -std=c++14 -c -g -O2 -fno-extended-identifiers  -DHAVE_BUILD_INFO -D__STDC_FORMAT_MACROS conftest.cpp >&5
configure:32572: $? = 0
configure:32572: result: yes
configure:32578: checking for upnpDiscover in -lminiupnpc
configure:32610: result: yes
configure:32572: checking for miniupnpc/upnperrors.h
configure:32572: g++ -std=c++14 -c -g -O2 -fno-extended-identifiers  -DHAVE_BUILD_INFO -D__STDC_FORMAT_MACROS conftest.cpp >&5
configure:32572: $? = 0
configure:32572: result: yes
configure:32578: checking for upnpDiscover in -lminiupnpc
configure:32610: result: yes
configure:32626: checking whether miniUPnPc API version is supported
configure:32647: g++ -std=c++14 -E  -DHAVE_BUILD_INFO -D__STDC_FORMAT_MACROS conftest.cpp
configure:32647: $? = 0
configure:32650: result: yes
configure:32829: checking for boostlib >= 1.58.0 (105800)
configure:32861: g++ -std=c++14 -c -g -O2 -fno-extended-identifiers  -DHAVE_BUILD_INFO -D__STDC_FORMAT_MACROS -I/usr/include conftest.cpp >&5
configure:32861: $? = 0
configure:32864: result: yes
configure:33061: checking whether the Boost::System library is available
configure:33087: g++ -std=c++14 -c   -DHAVE_BUILD_INFO -D__STDC_FORMAT_MACROS -I/usr/include conftest.cpp >&5
configure:33087: $? = 0
configure:33103: result: yes
configure:33118: checking for exit in -lboost_system
configure:33140: g++ -std=c++14 -o conftest -g -O2 -fno-extended-identifiers  -DHAVE_BUILD_INFO -D__STDC_FORMAT_MACROS -I/usr/include  -L/usr/lib/x86_64-linux-gnu conftest.cpp -lboost_system   >&5
configure:33140: $? = 0
configure:33151: result: yes
configure:33306: checking whether the Boost::Filesystem library is available
configure:33331: g++ -std=c++14 -c -g -O2 -fno-extended-identifiers  -DHAVE_BUILD_INFO -D__STDC_FORMAT_MACROS -I/usr/include conftest.cpp >&5
configure:33331: $? = 0
configure:33346: result: yes
configure:33357: checking for exit in -lboost_filesystem
configure:33379: g++ -std=c++14 -o conftest -g -O2 -fno-extended-identifiers  -DHAVE_BUILD_INFO -D__STDC_FORMAT_MACROS -I/usr/include  -L/usr/lib/x86_64-linux-gnu conftest.cpp -lboost_filesystem   -lboost_system >&5
configure:33379: $? = 0
configure:33390: result: yes
configure:33540: checking whether the Boost::Thread library is available
configure:33585: g++ -std=c++14 -c -pthread -g -O2 -fno-extended-identifiers  -DHAVE_BUILD_INFO -D__STDC_FORMAT_MACROS -I/usr/include conftest.cpp >&5
configure:33585: $? = 0
configure:33601: result: yes
configure:33640: checking for exit in -lboost_thread
configure:33662: g++ -std=c++14 -o conftest -g -O2 -fno-extended-identifiers  -DHAVE_BUILD_INFO -D__STDC_FORMAT_MACROS -I/usr/include  -L/usr/lib/x86_64-linux-gnu conftest.cpp -lboost_thread   >&5
configure:33662: $? = 0
configure:33673: result: yes
configure:34484: checking for openssl/crypto.h
configure:34484: g++ -std=c++14 -c -g -O2 -fno-extended-identifiers  -DHAVE_BUILD_INFO -D__STDC_FORMAT_MACROS conftest.cpp >&5
configure:34484: $? = 0
configure:34484: result: yes
configure:34492: checking for main in -lcrypto
configure:34514: g++ -std=c++14 -o conftest -g -O2 -fno-extended-identifiers  -DHAVE_BUILD_INFO -D__STDC_FORMAT_MACROS  conftest.cpp -lcrypto   >&5
configure:34514: $? = 0
configure:34524: result: yes
configure:34533: checking for openssl/ssl.h
configure:34533: g++ -std=c++14 -c -g -O2 -fno-extended-identifiers  -DHAVE_BUILD_INFO -D__STDC_FORMAT_MACROS conftest.cpp >&5
configure:34533: $? = 0
configure:34533: result: yes
configure:34541: checking for main in -lssl
configure:34563: g++ -std=c++14 -o conftest -g -O2 -fno-extended-identifiers  -DHAVE_BUILD_INFO -D__STDC_FORMAT_MACROS  conftest.cpp -lssl   >&5
configure:34563: $? = 0
configure:34573: result: yes
configure:34588: checking for libevent >= 2.0.21
configure:34595: $PKG_CONFIG --exists --print-errors "libevent >= 2.0.21"
configure:34598: $? = 0
configure:34612: $PKG_CONFIG --exists --print-errors "libevent >= 2.0.21"
configure:34615: $? = 0
configure:34653: result: yes
configure:34660: checking for libevent_pthreads >= 2.0.21
configure:34667: $PKG_CONFIG --exists --print-errors "libevent_pthreads >= 2.0.21"
configure:34670: $? = 0
configure:34684: $PKG_CONFIG --exists --print-errors "libevent_pthreads >= 2.0.21"
configure:34687: $? = 0
configure:34725: result: yes
configure:34819: checking for libzmq >= 4
configure:34826: $PKG_CONFIG --exists --print-errors "libzmq >= 4"
configure:34829: $? = 0
configure:34843: $PKG_CONFIG --exists --print-errors "libzmq >= 4"
configure:34846: $? = 0
configure:34894: result: yes
configure:34915: checking for main in -lfmt
configure:34937: g++ -std=c++14 -o conftest -g -O2 -fno-extended-identifiers  -DHAVE_BUILD_INFO -D__STDC_FORMAT_MACROS  conftest.cpp -lfmt   >&5
configure:34937: $? = 0
configure:34947: result: yes
configure:35066: checking for libmultiprocess
configure:35073: $PKG_CONFIG --exists --print-errors "libmultiprocess"
Package libmultiprocess was not found in the pkg-config search path.
Perhaps you should add the directory containing `libmultiprocess.pc'
to the PKG_CONFIG_PATH environment variable
Package 'libmultiprocess', required by 'virtual:world', not found
configure:35076: $? = 1
configure:35090: $PKG_CONFIG --exists --print-errors "libmultiprocess"
Package libmultiprocess was not found in the pkg-config search path.
Perhaps you should add the directory containing `libmultiprocess.pc'
to the PKG_CONFIG_PATH environment variable
Package 'libmultiprocess', required by 'virtual:world', not found
configure:35093: $? = 1
configure:35107: result: no
Package 'libmultiprocess', required by 'virtual:world', not found
configure:35191: checking whether to build marsbuxd
configure:35201: result: yes
configure:35204: checking whether to build marsbux-cli
configure:35214: result: yes
configure:35217: checking whether to build marsbux-tx
configure:35227: result: yes
configure:35230: checking whether to build marsbux-wallet
configure:35240: result: yes
configure:35243: checking whether to build libraries
configure:35259: result: yes
configure:35270: checking if ccache should be used
configure:35283: result: no
configure:35287: checking if wallet should be enabled
configure:35290: result: yes
configure:35301: checking whether to build with support for UPnP
configure:35312: result: yes
configure:35314: checking whether to build with UPnP enabled by default
configure:35322: result: no
configure:35392: checking whether to build test_marsbux
configure:35399: result: no
configure:35404: checking whether to enable sse2 instructions
configure:35415: result: no
configure:35419: checking whether to reduce exports
configure:35425: result: no
configure:35877: checking that generated files are newer than configure
configure:35883: result: done
configure:36067: creating ./config.status

## ---------------------- ##
## Running config.status. ##
## ---------------------- ##

This file was extended by Marsbux Core config.status 0.21.4, which was
generated by GNU Autoconf 2.71.  Invocation command line was

  CONFIG_FILES    = 
  CONFIG_HEADERS  = 
  CONFIG_LINKS    = 
  CONFIG_COMMANDS = 
  $ ./config.status 

on Z600-113

config.status:1491: creating Makefile
config.status:1491: creating src/Makefile
config.status:1491: creating share/setup.nsi
config.status:1491: creating share/qt/Info.plist
config.status:1491: creating test/config.ini
config.status:1491: creating contrib/devtools/split-debug.sh
config.status:1491: creating src/config/marsbux-config.h
config.status:1672: src/config/marsbux-config.h is unchanged
config.status:1751: executing depfiles commands
config.status:1828: cd src       && sed -e '/# am--include-marker/d' Makefile         | make -f - am--depfiles
make: Nothing to be done for 'am--depfiles'.
config.status:1833: $? = 0
config.status:1751: executing libtool commands
configure:38597: === configuring in src/univalue (/home/solotron/Downloads/marsbux-modern/src/univalue)
configure:38658: running /bin/bash ./configure --disable-option-checking '--prefix=/usr/local'  '--without-gui' '--disable-tests' '--disable-bench' '--with-incompatible-bdb' '--disable-shared' '--with-pic' '--enable-benchmark=no' '--with-bignum=no' '--enable-module-generator' '--enable-module-recovery' '--enable-module-commitment' '--enable-module-bulletproof' '--enable-module-aggsig' '--enable-module-schnorrsig' '--enable-module-extrakeys' '--enable-experimental' '--disable-jni' '--disable-openssl-tests' --cache-file=/dev/null --srcdir=.
configure:38597: === configuring in src/secp256k1-zkp (/home/solotron/Downloads/marsbux-modern/src/secp256k1-zkp)
configure:38658: running /bin/bash ./configure --disable-option-checking '--prefix=/usr/local'  '--without-gui' '--disable-tests' '--disable-bench' '--with-incompatible-bdb' '--disable-shared' '--with-pic' '--enable-benchmark=no' '--with-bignum=no' '--enable-module-generator' '--enable-module-recovery' '--enable-module-commitment' '--enable-module-bulletproof' '--enable-module-aggsig' '--enable-module-schnorrsig' '--enable-module-extrakeys' '--enable-experimental' '--disable-jni' '--disable-openssl-tests' --cache-file=/dev/null --srcdir=.

## ---------------- ##
## Cache variables. ##
## ---------------- ##

ac_cv_build=x86_64-pc-linux-gnu
ac_cv_c_bigendian=no
ac_cv_c_compiler_gnu=yes
ac_cv_cxx_compiler_gnu=yes
ac_cv_cxx_undeclared_builtin_options='none needed'
ac_cv_env_ARFLAGS_set=
ac_cv_env_ARFLAGS_value=
ac_cv_env_BDB_CFLAGS_set=
ac_cv_env_BDB_CFLAGS_value=
ac_cv_env_BDB_LIBS_set=
ac_cv_env_BDB_LIBS_value=
ac_cv_env_CCC_set=
ac_cv_env_CCC_value=
ac_cv_env_CC_set=
ac_cv_env_CC_value=
ac_cv_env_CFLAGS_set=
ac_cv_env_CFLAGS_value=
ac_cv_env_CPPFLAGS_set=
ac_cv_env_CPPFLAGS_value=
ac_cv_env_CPP_set=
ac_cv_env_CPP_value=
ac_cv_env_CRYPTO_CFLAGS_set=
ac_cv_env_CRYPTO_CFLAGS_value=
ac_cv_env_CRYPTO_LIBS_set=
ac_cv_env_CRYPTO_LIBS_value=
ac_cv_env_CXXCPP_set=
ac_cv_env_CXXCPP_value=
ac_cv_env_CXXFLAGS_set=
ac_cv_env_CXXFLAGS_value=
ac_cv_env_CXX_set=
ac_cv_env_CXX_value=
ac_cv_env_EVENT_CFLAGS_set=
ac_cv_env_EVENT_CFLAGS_value=
ac_cv_env_EVENT_LIBS_set=
ac_cv_env_EVENT_LIBS_value=
ac_cv_env_EVENT_PTHREADS_CFLAGS_set=
ac_cv_env_EVENT_PTHREADS_CFLAGS_value=
ac_cv_env_EVENT_PTHREADS_LIBS_set=
ac_cv_env_EVENT_PTHREADS_LIBS_value=
ac_cv_env_LDFLAGS_set=
ac_cv_env_LDFLAGS_value=
ac_cv_env_LIBMULTIPROCESS_CFLAGS_set=
ac_cv_env_LIBMULTIPROCESS_CFLAGS_value=
ac_cv_env_LIBMULTIPROCESS_LIBS_set=
ac_cv_env_LIBMULTIPROCESS_LIBS_value=
ac_cv_env_LIBS_set=
ac_cv_env_LIBS_value=
ac_cv_env_LT_SYS_LIBRARY_PATH_set=
ac_cv_env_LT_SYS_LIBRARY_PATH_value=
ac_cv_env_OBJCXXFLAGS_set=
ac_cv_env_OBJCXXFLAGS_value=
ac_cv_env_OBJCXX_set=
ac_cv_env_OBJCXX_value=
ac_cv_env_PKG_CONFIG_LIBDIR_set=
ac_cv_env_PKG_CONFIG_LIBDIR_value=
ac_cv_env_PKG_CONFIG_PATH_set=
ac_cv_env_PKG_CONFIG_PATH_value=
ac_cv_env_PKG_CONFIG_set=
ac_cv_env_PKG_CONFIG_value=
ac_cv_env_PYTHONPATH_set=
ac_cv_env_PYTHONPATH_value=
ac_cv_env_QR_CFLAGS_set=
ac_cv_env_QR_CFLAGS_value=
ac_cv_env_QR_LIBS_set=
ac_cv_env_QR_LIBS_value=
ac_cv_env_QTACCESSIBILITY_CFLAGS_set=
ac_cv_env_QTACCESSIBILITY_CFLAGS_value=
ac_cv_env_QTACCESSIBILITY_LIBS_set=
ac_cv_env_QTACCESSIBILITY_LIBS_value=
ac_cv_env_QTCGL_CFLAGS_set=
ac_cv_env_QTCGL_CFLAGS_value=
ac_cv_env_QTCGL_LIBS_set=
ac_cv_env_QTCGL_LIBS_value=
ac_cv_env_QTCLIPBOARD_CFLAGS_set=
ac_cv_env_QTCLIPBOARD_CFLAGS_value=
ac_cv_env_QTCLIPBOARD_LIBS_set=
ac_cv_env_QTCLIPBOARD_LIBS_value=
ac_cv_env_QTDEVICEDISCOVERY_CFLAGS_set=
ac_cv_env_QTDEVICEDISCOVERY_CFLAGS_value=
ac_cv_env_QTDEVICEDISCOVERY_LIBS_set=
ac_cv_env_QTDEVICEDISCOVERY_LIBS_value=
ac_cv_env_QTEVENTDISPATCHER_CFLAGS_set=
ac_cv_env_QTEVENTDISPATCHER_CFLAGS_value=
ac_cv_env_QTEVENTDISPATCHER_LIBS_set=
ac_cv_env_QTEVENTDISPATCHER_LIBS_value=
ac_cv_env_QTFB_CFLAGS_set=
ac_cv_env_QTFB_CFLAGS_value=
ac_cv_env_QTFB_LIBS_set=
ac_cv_env_QTFB_LIBS_value=
ac_cv_env_QTFONTDATABASE_CFLAGS_set=
ac_cv_env_QTFONTDATABASE_CFLAGS_value=
ac_cv_env_QTFONTDATABASE_LIBS_set=
ac_cv_env_QTFONTDATABASE_LIBS_value=
ac_cv_env_QTGRAPHICS_CFLAGS_set=
ac_cv_env_QTGRAPHICS_CFLAGS_value=
ac_cv_env_QTGRAPHICS_LIBS_set=
ac_cv_env_QTGRAPHICS_LIBS_value=
ac_cv_env_QTTHEME_CFLAGS_set=
ac_cv_env_QTTHEME_CFLAGS_value=
ac_cv_env_QTTHEME_LIBS_set=
ac_cv_env_QTTHEME_LIBS_value=
ac_cv_env_QTXCBQPA_CFLAGS_set=
ac_cv_env_QTXCBQPA_CFLAGS_value=
ac_cv_env_QTXCBQPA_LIBS_set=
ac_cv_env_QTXCBQPA_LIBS_value=
ac_cv_env_QT_CORE_CFLAGS_set=
ac_cv_env_QT_CORE_CFLAGS_value=
ac_cv_env_QT_CORE_LIBS_set=
ac_cv_env_QT_CORE_LIBS_value=
ac_cv_env_QT_DBUS_CFLAGS_set=
ac_cv_env_QT_DBUS_CFLAGS_value=
ac_cv_env_QT_DBUS_LIBS_set=
ac_cv_env_QT_DBUS_LIBS_value=
ac_cv_env_QT_GUI_CFLAGS_set=
ac_cv_env_QT_GUI_CFLAGS_value=
ac_cv_env_QT_GUI_LIBS_set=
ac_cv_env_QT_GUI_LIBS_value=
ac_cv_env_QT_NETWORK_CFLAGS_set=
ac_cv_env_QT_NETWORK_CFLAGS_value=
ac_cv_env_QT_NETWORK_LIBS_set=
ac_cv_env_QT_NETWORK_LIBS_value=
ac_cv_env_QT_TEST_CFLAGS_set=
ac_cv_env_QT_TEST_CFLAGS_value=
ac_cv_env_QT_TEST_LIBS_set=
ac_cv_env_QT_TEST_LIBS_value=
ac_cv_env_QT_WIDGETS_CFLAGS_set=
ac_cv_env_QT_WIDGETS_CFLAGS_value=
ac_cv_env_QT_WIDGETS_LIBS_set=
ac_cv_env_QT_WIDGETS_LIBS_value=
ac_cv_env_SQLITE_CFLAGS_set=
ac_cv_env_SQLITE_CFLAGS_value=
ac_cv_env_SQLITE_LIBS_set=
ac_cv_env_SQLITE_LIBS_value=
ac_cv_env_SSL_CFLAGS_set=
ac_cv_env_SSL_CFLAGS_value=
ac_cv_env_SSL_LIBS_set=
ac_cv_env_SSL_LIBS_value=
ac_cv_env_UNIVALUE_CFLAGS_set=
ac_cv_env_UNIVALUE_CFLAGS_value=
ac_cv_env_UNIVALUE_LIBS_set=
ac_cv_env_UNIVALUE_LIBS_value=
ac_cv_env_ZMQ_CFLAGS_set=
ac_cv_env_ZMQ_CFLAGS_value=
ac_cv_env_ZMQ_LIBS_set=
ac_cv_env_ZMQ_LIBS_value=
ac_cv_env_build_alias_set=
ac_cv_env_build_alias_value=
ac_cv_env_host_alias_set=
ac_cv_env_host_alias_value=
ac_cv_env_target_alias_set=
ac_cv_env_target_alias_value=
ac_cv_func_strerror_r_char_p=yes
ac_cv_have_decl_be16toh=yes
ac_cv_have_decl_be32toh=yes
ac_cv_have_decl_be64toh=yes
ac_cv_have_decl_bswap_16=yes
ac_cv_have_decl_bswap_32=yes
ac_cv_have_decl_bswap_64=yes
ac_cv_have_decl_daemon=yes
ac_cv_have_decl_freeifaddrs=yes
ac_cv_have_decl_getifaddrs=yes
ac_cv_have_decl_htobe16=yes
ac_cv_have_decl_htobe32=yes
ac_cv_have_decl_htobe64=yes
ac_cv_have_decl_htole16=yes
ac_cv_have_decl_htole32=yes
ac_cv_have_decl_htole64=yes
ac_cv_have_decl_le16toh=yes
ac_cv_have_decl_le32toh=yes
ac_cv_have_decl_le64toh=yes
ac_cv_have_decl_strerror_r=yes
ac_cv_have_decl_strnlen=yes
ac_cv_header_byteswap_h=yes
ac_cv_header_dlfcn_h=yes
ac_cv_header_endian_h=yes
ac_cv_header_inttypes_h=yes
ac_cv_header_miniupnpc_miniupnpc_h=yes
ac_cv_header_miniupnpc_miniwget_h=yes
ac_cv_header_miniupnpc_upnpcommands_h=yes
ac_cv_header_miniupnpc_upnperrors_h=yes
ac_cv_header_openssl_crypto_h=yes
ac_cv_header_openssl_ssl_h=yes
ac_cv_header_stdint_h=yes
ac_cv_header_stdio_h=yes
ac_cv_header_stdlib_h=yes
ac_cv_header_string_h=yes
ac_cv_header_strings_h=yes
ac_cv_header_sys_endian_h=no
ac_cv_header_sys_prctl_h=yes
ac_cv_header_sys_resources_h=no
ac_cv_header_sys_select_h=yes
ac_cv_header_sys_stat_h=yes
ac_cv_header_sys_sysctl_h=no
ac_cv_header_sys_types_h=yes
ac_cv_header_sys_vmmeter_h=no
ac_cv_header_unistd_h=yes
ac_cv_header_vm_vm_param_h=no
ac_cv_host=x86_64-pc-linux-gnu
ac_cv_lib_boost_filesystem_exit=yes
ac_cv_lib_boost_system_exit=yes
ac_cv_lib_boost_thread_exit=yes
ac_cv_lib_crypto_main=yes
ac_cv_lib_db_cxx_4_8_main=no
ac_cv_lib_db_cxx_main=yes
ac_cv_lib_fmt_main=yes
ac_cv_lib_miniupnpc_upnpDiscover=yes
ac_cv_lib_ssl_main=yes
ac_cv_objcxx_compiler_gnu=no
ac_cv_objext=o
ac_cv_path_EGREP='/usr/bin/grep -E'
ac_cv_path_FGREP='/usr/bin/grep -F'
ac_cv_path_GIT=/usr/bin/git
ac_cv_path_GREP=/usr/bin/grep
ac_cv_path_HEXDUMP=/usr/bin/hexdump
ac_cv_path_PYTHON=/usr/bin/python3
ac_cv_path_SED=/usr/bin/sed
ac_cv_path_ac_pt_AR=/usr/bin/ar
ac_cv_path_ac_pt_CPPFILT=/usr/bin/c++filt
ac_cv_path_ac_pt_GCOV=/usr/bin/gcov
ac_cv_path_ac_pt_OBJCOPY=/usr/bin/objcopy
ac_cv_path_ac_pt_PKG_CONFIG=/usr/bin/pkg-config
ac_cv_path_ac_pt_RANLIB=/usr/bin/ranlib
ac_cv_path_ac_pt_READELF=/usr/bin/readelf
ac_cv_path_ac_pt_STRIP=/usr/bin/strip
ac_cv_path_install='/usr/bin/install -c'
ac_cv_path_lt_DD=/usr/bin/dd
ac_cv_path_mkdir=/usr/bin/mkdir
ac_cv_prog_AWK=gawk
ac_cv_prog_CPP='gcc -E'
ac_cv_prog_CXXCPP='g++ -std=c++14 -E'
ac_cv_prog_ac_ct_AR=ar
ac_cv_prog_ac_ct_CC=gcc
ac_cv_prog_ac_ct_CXX=g++
ac_cv_prog_ac_ct_FILECMD=file
ac_cv_prog_ac_ct_MANIFEST_TOOL=mt
ac_cv_prog_ac_ct_OBJDUMP=objdump
ac_cv_prog_ac_ct_RANLIB=ranlib
ac_cv_prog_ac_ct_STRIP=strip
ac_cv_prog_cc_c11=
ac_cv_prog_cc_g=yes
ac_cv_prog_cc_stdc=
ac_cv_prog_cxx_cxx11=
ac_cv_prog_cxx_g=yes
ac_cv_prog_cxx_stdcxx=
ac_cv_prog_make_make_set=yes
ac_cv_prog_objcxx_g=no
ac_cv_search_clock_gettime='none required'
ac_cv_sys_file_offset_bits=no
ac_cv_sys_largefile_CC=no
am_cv_CC_dependencies_compiler_type=gcc3
am_cv_CXX_dependencies_compiler_type=gcc3
am_cv_OBJCXX_dependencies_compiler_type=gcc3
am_cv_make_support_nested_variables=yes
am_cv_prog_cc_c_o=yes
ax_cv_PTHREAD_CLANG=no
ax_cv_PTHREAD_JOINABLE_ATTR=PTHREAD_CREATE_JOINABLE
ax_cv_PTHREAD_PRIO_INHERIT=yes
ax_cv_PTHREAD_SPECIAL_FLAGS=no
ax_cv_boost_filesystem=yes
ax_cv_boost_process=no
ax_cv_boost_system=yes
ax_cv_boost_thread=yes
ax_cv_check_cxxcppflags___D_FORTIFY_SOURCE_2=yes
ax_cv_check_cxxcppflags___U_FORTIFY_SOURCE=yes
ax_cv_check_cxxflags__O0__fstack_clash_protection=yes
ax_cv_check_cxxflags__Wall=yes
ax_cv_check_cxxflags__Wconditional_uninitialized=no
ax_cv_check_cxxflags__Wdate_time=yes
ax_cv_check_cxxflags__Wdeprecated_copy=yes
ax_cv_check_cxxflags__Wdeprecated_register=no
ax_cv_check_cxxflags__Wduplicated_branches=yes
ax_cv_check_cxxflags__Wduplicated_cond=yes
ax_cv_check_cxxflags__Wextra=yes
ax_cv_check_cxxflags__Wformat__Wformat_security=yes
ax_cv_check_cxxflags__Wgnu=no
ax_cv_check_cxxflags__Wimplicit_fallthrough=yes
ax_cv_check_cxxflags__Wlogical_op=yes
ax_cv_check_cxxflags__Woverloaded_virtual=yes
ax_cv_check_cxxflags__Wpsabi=yes
ax_cv_check_cxxflags__Wrange_loop_analysis=no
ax_cv_check_cxxflags__Wredundant_decls=yes
ax_cv_check_cxxflags__Wself_assign=no
ax_cv_check_cxxflags__Wshadow_field=no
ax_cv_check_cxxflags__Wsign_compare=yes
ax_cv_check_cxxflags__Wsuggest_override=yes
ax_cv_check_cxxflags__Wswitch=yes
ax_cv_check_cxxflags__Wthread_safety=no
ax_cv_check_cxxflags__Wunreachable_code_loop_increment=no
ax_cv_check_cxxflags__Wunused_local_typedef=no
ax_cv_check_cxxflags__Wunused_parameter=yes
ax_cv_check_cxxflags__Wunused_variable=yes
ax_cv_check_cxxflags__Wvla=yes
ax_cv_check_cxxflags___Werror=yes
ax_cv_check_cxxflags___Wstack_protector=yes
ax_cv_check_cxxflags___fPIC=yes
ax_cv_check_cxxflags___fcf_protection_full=yes
ax_cv_check_cxxflags___fstack_protector_all=yes
ax_cv_check_cxxflags___fstack_reuse_none=yes
ax_cv_check_cxxflags__fno_extended_identifiers=yes
ax_cv_check_cxxflags__march_armv8_apcrcpcrypto=no
ax_cv_check_cxxflags__mavx__mavx2=yes
ax_cv_check_cxxflags__msse4_1=yes
ax_cv_check_cxxflags__msse4_2=yes
ax_cv_check_cxxflags__msse4__msha=yes
ax_cv_check_ldflags__Wl___dynamicbase=no
ax_cv_check_ldflags__Wl___high_entropy_va=no
ax_cv_check_ldflags__Wl___nxcompat=no
ax_cv_check_ldflags__Wl__z_now=yes
ax_cv_check_ldflags__Wl__z_relro=yes
ax_cv_check_ldflags__Wl__z_separate_code=yes
ax_cv_check_ldflags___Wl___fatal_warnings=yes
ax_cv_check_ldflags__fPIE__pie=yes
ax_cv_cxx_compile_cxx14__std_cpp14=yes
ax_cv_have_func_attribute_dllexport=no
ax_cv_have_func_attribute_dllimport=no
ax_cv_have_func_attribute_visibility=yes
lt_cv_ar_at_file=@
lt_cv_archive_cmds_need_lc=no
lt_cv_deplibs_check_method=pass_all
lt_cv_file_magic_cmd='$MAGIC_CMD'
lt_cv_file_magic_test_file=
lt_cv_ld_reload_flag=-r
lt_cv_nm_interface='BSD nm'
lt_cv_objdir=.libs
lt_cv_path_LD=/usr/bin/ld
lt_cv_path_LDCXX='/usr/bin/ld -m elf_x86_64'
lt_cv_path_NM='/usr/bin/nm -B'
lt_cv_path_mainfest_tool=no
lt_cv_prog_compiler_c_o=yes
lt_cv_prog_compiler_c_o_CXX=yes
lt_cv_prog_compiler_pic='-fPIC -DPIC'
lt_cv_prog_compiler_pic_CXX='-fPIC -DPIC'
lt_cv_prog_compiler_pic_works=yes
lt_cv_prog_compiler_pic_works_CXX=yes
lt_cv_prog_compiler_rtti_exceptions=no
lt_cv_prog_compiler_static_works=yes
lt_cv_prog_compiler_static_works_CXX=yes
lt_cv_prog_gnu_ld=yes
lt_cv_prog_gnu_ldcxx=yes
lt_cv_sharedlib_from_linklib_cmd='printf %s\n'
lt_cv_shlibpath_overrides_runpath=yes
lt_cv_sys_global_symbol_pipe='/usr/bin/sed -n -e '\''s/^.*[	 ]\([ABCDGIRSTW][ABCDGIRSTW]*\)[	 ][	 ]*\([_A-Za-z][_A-Za-z0-9]*\)$/\1 \2 \2/p'\'' | /usr/bin/sed '\''/ __gnu_lto/d'\'''
lt_cv_sys_global_symbol_to_c_name_address='/usr/bin/sed -n -e '\''s/^: \(.*\) .*$/  {"\1", (void *) 0},/p'\'' -e '\''s/^[ABCDGIRSTW][ABCDGIRSTW]* .* \(.*\)$/  {"\1", (void *) \&\1},/p'\'''
lt_cv_sys_global_symbol_to_c_name_address_lib_prefix='/usr/bin/sed -n -e '\''s/^: \(.*\) .*$/  {"\1", (void *) 0},/p'\'' -e '\''s/^[ABCDGIRSTW][ABCDGIRSTW]* .* \(lib.*\)$/  {"\1", (void *) \&\1},/p'\'' -e '\''s/^[ABCDGIRSTW][ABCDGIRSTW]* .* \(.*\)$/  {"lib\1", (void *) \&\1},/p'\'''
lt_cv_sys_global_symbol_to_cdecl='/usr/bin/sed -n -e '\''s/^T .* \(.*\)$/extern int \1();/p'\'' -e '\''s/^[ABCDGIRSTW][ABCDGIRSTW]* .* \(.*\)$/extern char \1;/p'\'''
lt_cv_sys_global_symbol_to_import=
lt_cv_sys_max_cmd_len=1572864
lt_cv_to_host_file_cmd=func_convert_file_noop
lt_cv_to_tool_file_cmd=func_convert_file_noop
lt_cv_truncate_bin='/usr/bin/dd bs=4096 count=1'
pkg_cv_EVENT_CFLAGS=
pkg_cv_EVENT_LIBS='-levent '
pkg_cv_EVENT_PTHREADS_CFLAGS=
pkg_cv_EVENT_PTHREADS_LIBS='-levent_pthreads -levent '
pkg_cv_SQLITE_CFLAGS=
pkg_cv_SQLITE_LIBS='-lsqlite3 '
pkg_cv_ZMQ_CFLAGS='-isystem /usr/include/mit-krb5 -I/usr/include/pgm-5.3 -I/usr/include/libxml2 -I/usr/include/x86_64-linux-gnu '
pkg_cv_ZMQ_LIBS='-lzmq '

## ----------------- ##
## Output variables. ##
## ----------------- ##

ACLOCAL='${SHELL} '\''/home/solotron/Downloads/marsbux-modern/build-aux/missing'\'' aclocal-1.16'
AMDEPBACKSLASH='\'
AMDEP_FALSE='#'
AMDEP_TRUE=''
AMTAR='$${TAR-tar}'
AM_BACKSLASH='\'
AM_DEFAULT_V='$(AM_DEFAULT_VERBOSITY)'
AM_DEFAULT_VERBOSITY='0'
AM_V='$(V)'
AR='/usr/bin/ar'
ARFLAGS='cr'
ARM_CRC_CXXFLAGS=''
AUTOCONF='${SHELL} '\''/home/solotron/Downloads/marsbux-modern/build-aux/missing'\'' autoconf'
AUTOHEADER='${SHELL} '\''/home/solotron/Downloads/marsbux-modern/build-aux/missing'\'' autoheader'
AUTOMAKE='${SHELL} '\''/home/solotron/Downloads/marsbux-modern/build-aux/missing'\'' automake-1.16'
AVX2_CXXFLAGS='-mavx -mavx2'
AWK='gawk'
BDB_CFLAGS=''
BDB_CPPFLAGS=''
BDB_LIBS='-ldb_cxx'
BOOST_CPPFLAGS='-DBOOST_SP_USE_STD_ATOMIC -DBOOST_AC_USE_STD_ATOMIC -pthread -I/usr/include'
BOOST_FILESYSTEM_LIB='-lboost_filesystem'
BOOST_LDFLAGS='-L/usr/lib/x86_64-linux-gnu'
BOOST_LIBS='-L/usr/lib/x86_64-linux-gnu -lboost_system -lboost_filesystem -lboost_thread -lpthread'
BOOST_PROCESS_LIB=''
BOOST_SYSTEM_LIB='-lboost_system'
BOOST_THREAD_LIB='-lboost_thread -lpthread'
BOOST_UNIT_TEST_FRAMEWORK_LIB=''
BREW=''
BUILD_DARWIN_FALSE=''
BUILD_DARWIN_TRUE='#'
BUILD_MULTIPROCESS_FALSE=''
BUILD_MULTIPROCESS_TRUE='#'
BUILD_marsbuxD_FALSE='#'
BUILD_marsbuxD_TRUE=''
BUILD_marsbux_CLI_FALSE='#'
BUILD_marsbux_CLI_TRUE=''
BUILD_marsbux_GUI_FALSE=''
BUILD_marsbux_GUI_TRUE='#'
BUILD_marsbux_LIBS_FALSE='#'
BUILD_marsbux_LIBS_TRUE=''
BUILD_marsbux_NODE_FALSE=''
BUILD_marsbux_NODE_TRUE='#'
BUILD_marsbux_TX_FALSE='#'
BUILD_marsbux_TX_TRUE=''
BUILD_marsbux_WALLET_FALSE='#'
BUILD_marsbux_WALLET_TRUE=''
CC='gcc'
CCACHE=''
CCDEPMODE='depmode=gcc3'
CFLAGS='-g -O2'
CLIENT_VERSION_BUILD='0'
CLIENT_VERSION_IS_RELEASE='true'
CLIENT_VERSION_MAJOR='0'
CLIENT_VERSION_MINOR='21'
CLIENT_VERSION_REVISION='4'
COMPAT_LDFLAGS=''
COPYRIGHT_HOLDERS='The %s developers'
COPYRIGHT_HOLDERS_FINAL='The Marsbux Core developers'
COPYRIGHT_HOLDERS_SUBSTITUTION='Marsbux Core'
COPYRIGHT_YEAR='2026'
COV_TOOL=''
COV_TOOL_WRAPPER=''
CPP='gcc -E'
CPPFILT='/usr/bin/c++filt'
CPPFLAGS=' -DHAVE_BUILD_INFO -D__STDC_FORMAT_MACROS'
CRYPTO_CFLAGS=''
CRYPTO_LIBS='-lcrypto'
CSCOPE='cscope'
CTAGS='ctags'
CXX='g++ -std=c++14'
CXXCPP='g++ -std=c++14 -E'
CXXDEPMODE='depmode=gcc3'
CXXFLAGS='-g -O2 -fno-extended-identifiers'
CYGPATH_W='echo'
DEBUG_CPPFLAGS=''
DEBUG_CXXFLAGS=''
DEFS='-DHAVE_CONFIG_H'
DEPDIR='.deps'
DLLTOOL='false'
DMG=''
DOXYGEN=''
DSYMUTIL=''
DUMPBIN=''
ECHO_C=''
ECHO_N='-n'
ECHO_T=''
EGREP='/usr/bin/grep -E'
EMBEDDED_LEVELDB_FALSE='#'
EMBEDDED_LEVELDB_TRUE=''
EMBEDDED_UNIVALUE_FALSE='#'
EMBEDDED_UNIVALUE_TRUE=''
ENABLE_ARM_CRC_FALSE=''
ENABLE_ARM_CRC_TRUE='#'
ENABLE_AVX2_FALSE='#'
ENABLE_AVX2_TRUE=''
ENABLE_BENCH_FALSE=''
ENABLE_BENCH_TRUE='#'
ENABLE_FUZZ_FALSE=''
ENABLE_FUZZ_TRUE='#'
ENABLE_MAN_FALSE='#'
ENABLE_MAN_TRUE=''
ENABLE_QT_FALSE=''
ENABLE_QT_TESTS_FALSE=''
ENABLE_QT_TESTS_TRUE='#'
ENABLE_QT_TRUE='#'
ENABLE_SHANI_FALSE='#'
ENABLE_SHANI_TRUE=''
ENABLE_SSE41_FALSE='#'
ENABLE_SSE41_TRUE=''
ENABLE_SSE42_FALSE='#'
ENABLE_SSE42_TRUE=''
ENABLE_TESTS_FALSE=''
ENABLE_TESTS_TRUE='#'
ENABLE_WALLET_FALSE='#'
ENABLE_WALLET_TRUE=''
ENABLE_ZMQ_FALSE='#'
ENABLE_ZMQ_TRUE=''
ERROR_CXXFLAGS=''
ETAGS='etags'
EVENT_CFLAGS=''
EVENT_LIBS='-levent '
EVENT_PTHREADS_CFLAGS=''
EVENT_PTHREADS_LIBS='-levent_pthreads -levent '
EXEEXT=''
EXTENDED_FUNCTIONAL_TESTS=''
FGREP='/usr/bin/grep -F'
FILECMD='file'
GCOV='/usr/bin/gcov'
GENHTML=''
GIT='/usr/bin/git'
GLIBC_BACK_COMPAT_FALSE=''
GLIBC_BACK_COMPAT_TRUE='#'
GPROF_CXXFLAGS=''
GPROF_LDFLAGS=''
GREP='/usr/bin/grep'
HARDENED_CPPFLAGS=' -U_FORTIFY_SOURCE -D_FORTIFY_SOURCE=2'
HARDENED_CXXFLAGS=' -fstack-reuse=none -Wstack-protector -fstack-protector-all -fcf-protection=full -fstack-clash-protection'
HARDENED_LDFLAGS=' -Wl,-z,relro -Wl,-z,now -Wl,-z,separate-code -pie'
HARDEN_FALSE='#'
HARDEN_TRUE=''
HAVE_BUILTIN_PREFETCH='1'
HAVE_CXX14='1'
HAVE_CXX17=''
HAVE_DOXYGEN_FALSE=''
HAVE_DOXYGEN_TRUE='#'
HAVE_FDATASYNC='1'
HAVE_FULLFSYNC='0'
HAVE_GMTIME_R=''
HAVE_MM_PREFETCH='1'
HAVE_O_CLOEXEC='1'
HAVE_STRONG_GETAUXVAL='0'
HAVE_WEAK_GETAUXVAL='1'
HEXDUMP='/usr/bin/hexdump'
IMAGEMAGICK_CONVERT=''
INSTALLNAMETOOL=''
INSTALL_DATA='${INSTALL} -m 644'
INSTALL_PROGRAM='${INSTALL}'
INSTALL_SCRIPT='${INSTALL}'
INSTALL_STRIP_PROGRAM='$(install_sh) -c -s'
LCOV=''
LCOV_OPTS=''
LD='/usr/bin/ld -m elf_x86_64'
LDFLAGS=''
LEVELDB_CPPFLAGS=''
LIBLEVELDB=''
LIBMEMENV=''
LIBMULTIPROCESS_CFLAGS=''
LIBMULTIPROCESS_LIBS=''
LIBOBJS=''
LIBS=''
LIBTOOL='$(SHELL) $(top_builddir)/libtool'
LIBTOOL_APP_LDFLAGS=''
LIPO=''
LLVM_COV=''
LN_S='ln -s'
LRELEASE=''
LTLIBOBJS=''
LT_SYS_LIBRARY_PATH=''
LUPDATE=''
MAINT=''
MAINTAINER_MODE_FALSE='#'
MAINTAINER_MODE_TRUE=''
MAKEINFO='${SHELL} '\''/home/solotron/Downloads/marsbux-modern/build-aux/missing'\'' makeinfo'
MAKENSIS=''
MANIFEST_TOOL=':'
MINIUPNPC_CPPFLAGS=''
MINIUPNPC_LIBS='-lminiupnpc'
MKDIR_P='/usr/bin/mkdir -p'
MOC=''
MOC_DEFS='-DHAVE_CONFIG_H -I$(srcdir)'
MPGEN_PREFIX=''
MWEB_LIBS='-lfmt'
NM='/usr/bin/nm -B'
NMEDIT=''
NOWARN_CXXFLAGS=' -Wno-unused-parameter -Wno-implicit-fallthrough -Wno-deprecated-copy -Wno-psabi'
OBJCOPY='/usr/bin/objcopy'
OBJCXX='g++ -std=c++14'
OBJCXXDEPMODE='depmode=gcc3'
OBJCXXFLAGS=''
OBJDUMP='objdump'
OBJEXT='o'
OTOOL64=''
OTOOL=''
PACKAGE='Marsbux'
PACKAGE_BUGREPORT='https://github.com/marsbux-project/marsbux/issues'
PACKAGE_NAME='Marsbux Core'
PACKAGE_STRING='Marsbux Core 0.21.4'
PACKAGE_TARNAME='Marsbux'
PACKAGE_URL='https://marsbux.org/'
PACKAGE_VERSION='0.21.4'
PATH_SEPARATOR=':'
PIC_FLAGS='-fPIC'
PIE_FLAGS='-fPIE'
PKG_CONFIG='/usr/bin/pkg-config'
PKG_CONFIG_LIBDIR=''
PKG_CONFIG_PATH=''
PTHREAD_CC='gcc'
PTHREAD_CFLAGS='-pthread'
PTHREAD_LIBS='-lpthread'
PYTHON='/usr/bin/python3'
PYTHONPATH=''
QR_CFLAGS=''
QR_LIBS=''
QTACCESSIBILITY_CFLAGS=''
QTACCESSIBILITY_LIBS=''
QTCGL_CFLAGS=''
QTCGL_LIBS=''
QTCLIPBOARD_CFLAGS=''
QTCLIPBOARD_LIBS=''
QTDEVICEDISCOVERY_CFLAGS=''
QTDEVICEDISCOVERY_LIBS=''
QTEVENTDISPATCHER_CFLAGS=''
QTEVENTDISPATCHER_LIBS=''
QTFB_CFLAGS=''
QTFB_LIBS=''
QTFONTDATABASE_CFLAGS=''
QTFONTDATABASE_LIBS=''
QTGRAPHICS_CFLAGS=''
QTGRAPHICS_LIBS=''
QTTHEME_CFLAGS=''
QTTHEME_LIBS=''
QTXCBQPA_CFLAGS=''
QTXCBQPA_LIBS=''
QT_CORE_CFLAGS=''
QT_CORE_LIBS=''
QT_DBUS_CFLAGS=''
QT_DBUS_INCLUDES=''
QT_DBUS_LIBS=''
QT_GUI_CFLAGS=''
QT_GUI_LIBS=''
QT_INCLUDES=''
QT_LDFLAGS=''
QT_LIBS=''
QT_NETWORK_CFLAGS=''
QT_NETWORK_LIBS=''
QT_PIE_FLAGS=''
QT_SELECT='qt5'
QT_TEST_CFLAGS=''
QT_TEST_INCLUDES=''
QT_TEST_LIBS=''
QT_TRANSLATION_DIR=''
QT_WIDGETS_CFLAGS=''
QT_WIDGETS_LIBS=''
RANLIB='/usr/bin/ranlib'
RCC=''
READELF='/usr/bin/readelf'
RELDFLAGS=''
RSVG_CONVERT=''
SANITIZER_CXXFLAGS=''
SANITIZER_LDFLAGS=''
SED='/usr/bin/sed'
SET_MAKE=''
SHANI_CXXFLAGS='-msse4 -msha'
SHELL='/bin/bash'
SQLITE_CFLAGS=''
SQLITE_LIBS='-lsqlite3 '
SSE41_CXXFLAGS='-msse4.1'
SSE42_CXXFLAGS='-msse4.2'
SSL_CFLAGS=''
SSL_LIBS='-lssl'
STRIP='/usr/bin/strip'
TARGET_DARWIN_FALSE=''
TARGET_DARWIN_TRUE='#'
TARGET_LINUX_FALSE='#'
TARGET_LINUX_TRUE=''
TARGET_WINDOWS_FALSE=''
TARGET_WINDOWS_TRUE='#'
TESTDEFS=''
TIFFCP=''
UIC=''
UNIVALUE_CFLAGS='-I$(srcdir)/univalue/include'
UNIVALUE_LIBS='univalue/libunivalue.la'
USE_ASM_FALSE='#'
USE_ASM_TRUE=''
USE_LCOV_FALSE=''
USE_LCOV_TRUE='#'
USE_LIBEVENT_FALSE='#'
USE_LIBEVENT_TRUE=''
USE_QRCODE=''
USE_QRCODE_FALSE=''
USE_QRCODE_TRUE='#'
USE_SQLITE=''
USE_SQLITE_FALSE='#'
USE_SQLITE_TRUE=''
USE_SSE2=''
USE_SSE2_FALSE=''
USE_SSE2_TRUE='#'
USE_UPNP=''
VERSION='0.21.4'
WARN_CXXFLAGS=' -Wall -Wextra -Wformat -Wformat-security -Wvla -Wswitch -Wredundant-decls -Wunused-variable -Wdate-time -Wsign-compare -Wduplicated-branches -Wduplicated-cond -Wlogical-op -Woverloaded-virtual -Wsuggest-override'
WINDRES=''
WORDS_BIGENDIAN_FALSE=''
WORDS_BIGENDIAN_TRUE='#'
XGETTEXT=''
XORRISOFS=''
ZMQ_CFLAGS='-isystem /usr/include/mit-krb5 -I/usr/include/pgm-5.3 -I/usr/include/libxml2 -I/usr/include/x86_64-linux-gnu '
ZMQ_LIBS='-lzmq '
ac_ct_AR='ar'
ac_ct_CC='gcc'
ac_ct_CXX='g++'
ac_ct_DUMPBIN=''
ac_ct_OBJCXX=''
am__EXEEXT_FALSE=''
am__EXEEXT_TRUE='#'
am__fastdepCC_FALSE='#'
am__fastdepCC_TRUE=''
am__fastdepCXX_FALSE='#'
am__fastdepCXX_TRUE=''
am__fastdepOBJCXX_FALSE='#'
am__fastdepOBJCXX_TRUE=''
am__include='include'
am__isrc=''
am__leading_dot='.'
am__nodep='_no'
am__quote=''
am__tar='$${TAR-tar} chof - "$$tardir"'
am__untar='$${TAR-tar} xf -'
ax_pthread_config=''
bindir='${exec_prefix}/bin'
build='x86_64-pc-linux-gnu'
build_alias=''
build_cpu='x86_64'
build_os='linux-gnu'
build_vendor='pc'
datadir='${datarootdir}'
datarootdir='${prefix}/share'
docdir='${datarootdir}/doc/${PACKAGE_TARNAME}'
dvidir='${docdir}'
exec_prefix='${prefix}'
host='x86_64-pc-linux-gnu'
host_alias=''
host_cpu='x86_64'
host_os='linux-gnu'
host_vendor='pc'
htmldir='${docdir}'
includedir='${prefix}/include'
infodir='${datarootdir}/info'
install_sh='${SHELL} /home/solotron/Downloads/marsbux-modern/build-aux/install-sh'
libdir='${exec_prefix}/lib'
libexecdir='${exec_prefix}/libexec'
localedir='${datarootdir}/locale'
localstatedir='${prefix}/var'
mandir='${datarootdir}/man'
marsbux_CLI_NAME='marsbux-cli'
marsbux_DAEMON_NAME='marsbuxd'
marsbux_GUI_NAME='marsbux-qt'
marsbux_TX_NAME='marsbux-tx'
marsbux_WALLET_TOOL_NAME='marsbux-wallet'
mkdir_p='$(MKDIR_P)'
oldincludedir='/usr/include'
pdfdir='${docdir}'
prefix='/usr/local'
program_transform_name='s,x,x,'
psdir='${docdir}'
runstatedir='${localstatedir}/run'
sbindir='${exec_prefix}/sbin'
sharedstatedir='${prefix}/com'
subdirs=' src/univalue src/secp256k1-zkp'
sysconfdir='${prefix}/etc'
target_alias=''

## ----------- ##
## confdefs.h. ##
## ----------- ##

/* confdefs.h */
#define PACKAGE_NAME "Marsbux Core"
#define PACKAGE_TARNAME "Marsbux"
#define PACKAGE_VERSION "0.21.4"
#define PACKAGE_STRING "Marsbux Core 0.21.4"
#define PACKAGE_BUGREPORT "https://github.com/marsbux-project/marsbux/issues"
#define PACKAGE_URL "https://marsbux.org/"
#define HAVE_CXX14 1
#define HAVE_STDIO_H 1
#define HAVE_STDLIB_H 1
#define HAVE_STRING_H 1
#define HAVE_INTTYPES_H 1
#define HAVE_STDINT_H 1
#define HAVE_STRINGS_H 1
#define HAVE_SYS_STAT_H 1
#define HAVE_SYS_TYPES_H 1
#define HAVE_UNISTD_H 1
#define STDC_HEADERS 1
#define HAVE_DLFCN_H 1
#define LT_OBJDIR ".libs/"
#define USE_ASM 1
#define ENABLE_SSE41 1
#define ENABLE_AVX2 1
#define ENABLE_SHANI 1
#define HAVE_PTHREAD_PRIO_INHERIT 1
#define HAVE_PTHREAD 1
#define HAVE_DECL_STRERROR_R 1
#define HAVE_STRERROR_R 1
#define STRERROR_R_CHAR_P 1
#define HAVE_FUNC_ATTRIBUTE_VISIBILITY 1
#define HAVE_ENDIAN_H 1
#define HAVE_BYTESWAP_H 1
#define HAVE_STDIO_H 1
#define HAVE_STDLIB_H 1
#define HAVE_UNISTD_H 1
#define HAVE_STRINGS_H 1
#define HAVE_SYS_TYPES_H 1
#define HAVE_SYS_STAT_H 1
#define HAVE_SYS_SELECT_H 1
#define HAVE_SYS_PRCTL_H 1
#define HAVE_DECL_GETIFADDRS 1
#define HAVE_DECL_FREEIFADDRS 1
#define HAVE_DECL_STRNLEN 1
#define HAVE_DECL_DAEMON 1
#define HAVE_DECL_LE16TOH 1
#define HAVE_DECL_LE32TOH 1
#define HAVE_DECL_LE64TOH 1
#define HAVE_DECL_HTOLE16 1
#define HAVE_DECL_HTOLE32 1
#define HAVE_DECL_HTOLE64 1
#define HAVE_DECL_BE16TOH 1
#define HAVE_DECL_BE32TOH 1
#define HAVE_DECL_BE64TOH 1
#define HAVE_DECL_HTOBE16 1
#define HAVE_DECL_HTOBE32 1
#define HAVE_DECL_HTOBE64 1
#define HAVE_DECL_BSWAP_16 1
#define HAVE_DECL_BSWAP_32 1
#define HAVE_DECL_BSWAP_64 1
#define HAVE_BUILTIN_CLZL 1
#define HAVE_BUILTIN_CLZLL 1
#define HAVE_MALLOC_INFO 1
#define HAVE_MALLOPT_ARENA_MAX 1
#define HAVE_POSIX_FALLOCATE 1
#define HAVE_VISIBILITY_ATTRIBUTE 1
#define HAVE_THREAD_LOCAL 1
#define HAVE_GMTIME_R 1
#define HAVE_SYS_GETRANDOM 1
#define HAVE_GETENTROPY 1
#define HAVE_GETENTROPY_RAND 1
#define HAVE_FDATASYNC 1
#define HAVE_STD__SYSTEM 1
#define HAVE_SYSTEM HAVE_STD__SYSTEM || HAVE_WSYSTEM
#define USE_SQLITE 1
#define HAVE_MINIUPNPC_MINIWGET_H 1
#define HAVE_MINIUPNPC_MINIUPNPC_H 1
#define HAVE_MINIUPNPC_UPNPCOMMANDS_H 1
#define HAVE_MINIUPNPC_UPNPERRORS_H 1
#define HAVE_BOOST /**/
#define HAVE_BOOST_SYSTEM /**/
#define HAVE_BOOST_FILESYSTEM /**/
#define HAVE_BOOST_THREAD /**/
#define ENABLE_ZMQ 1
#define HAVE_CONSENSUS_LIB 1
#define ENABLE_WALLET 1
#define USE_UPNP 0
#define CLIENT_VERSION_MAJOR 0
#define CLIENT_VERSION_MINOR 21
#define CLIENT_VERSION_REVISION 4
#define CLIENT_VERSION_BUILD 0
#define CLIENT_VERSION_IS_RELEASE true
#define COPYRIGHT_YEAR 2026
#define COPYRIGHT_HOLDERS "The %s developers"
#define COPYRIGHT_HOLDERS_SUBSTITUTION "Marsbux Core"
#define COPYRIGHT_HOLDERS_FINAL "The Marsbux Core developers"

configure: exit 0
